bin_low_edge,contents,binlabel,error
-1.5,0.0,,0.0
-0.5,5.0,,2.23606797749979
0.5,164.0,,12.806248474865697
1.5,10.0,,3.1622776601683795
2.5,3.0,,1.7320508075688772
3.5,2.0,,1.4142135623730951
4.5,3.0,,1.7320508075688772
5.5,0.0,,0.0
6.5,0.0,,0.0
7.5,0.0,,0.0
8.5,2.0,,1.4142135623730951
9.5,0.0,,0.0
10.5,0.0,,0.0
11.5,0.0,,0.0
12.5,2.0,,1.4142135623730951
13.5,2.0,,1.4142135623730951
14.5,0.0,,0.0
