bin_low_edge,contents,binlabel,error
8.5,0.0,,0.0
9.5,0.0006666666666666666,,0.0004714045207910317
10.5,0.0,,0.0
11.5,0.0033333333333333335,,0.0010540925533894599
12.5,0.023666666666666666,,0.0028087165910587863
13.5,0.04466666666666667,,0.003858612300930075
14.5,0.005,,0.0012909944487358056
15.5,0.005666666666666667,,0.0013743685418725535
16.5,0.003,,0.001
17.5,0.6123333333333333,,0.014286745994491227
18.5,0.016666666666666666,,0.0023570226039551583
19.5,0.006333333333333333,,0.001452966314513558
20.5,0.026333333333333334,,0.0029627314724385294
21.5,0.005,,0.0012909944487358056
22.5,0.006666666666666667,,0.00149071198499986
23.5,0.042666666666666665,,0.0037712361663282535
24.5,0.19633333333333333,,0.008089774066341064
25.5,0.0,,0.0
26.5,0.0003333333333333333,,0.0003333333333333333
27.5,0.0,,0.0
28.5,0.0013333333333333333,,0.0006666666666666666
29.5,0.0,,0.0
