bin_low_edge,contents,binlabel,error
-1.5,0.0,,0.0
-0.5,0.039,,0.0036055512754639895
0.5,0.24566666666666667,,0.009049247973665485
1.5,0.6136666666666667,,0.014302291968616623
2.5,0.004333333333333333,,0.001201850425154663
3.5,0.054,,0.004242640687119285
4.5,0.0013333333333333333,,0.0006666666666666666
5.5,0.0036666666666666666,,0.0011055415967851333
6.5,0.006,,0.001414213562373095
7.5,0.026,,0.0029439202887759494
8.5,0.004333333333333333,,0.001201850425154663
9.5,0.0,,0.0
10.5,0.001,,0.0005773502691896257
11.5,0.001,,0.0005773502691896257
12.5,0.0,,0.0
