bin_low_edge,contents,binlabel,error
-1.5,0.0,,0.0
-0.5,0.029333333333333333,,0.0031269438398822866
0.5,0.26466666666666666,,0.009392668535736915
1.5,0.632,,0.01451436070471816
2.5,0.009666666666666667,,0.0017950549357115013
3.5,0.009666666666666667,,0.0017950549357115013
4.5,0.010333333333333333,,0.0018559214542766737
5.5,0.003,,0.001
6.5,0.001,,0.0005773502691896257
7.5,0.005666666666666667,,0.0013743685418725535
8.5,0.0023333333333333335,,0.0008819171036881969
9.5,0.028,,0.003055050463303893
10.5,0.0,,0.0
11.5,0.0,,0.0
12.5,0.0006666666666666666,,0.0004714045207910317
13.5,0.0006666666666666666,,0.0004714045207910317
14.5,0.001,,0.0005773502691896257
15.5,0.001,,0.0005773502691896257
16.5,0.0003333333333333333,,0.0003333333333333333
17.5,0.0,,0.0
18.5,0.0006666666666666666,,0.0004714045207910317
19.5,0.0,,0.0
