bin_low_edge,contents,binlabel,error
-0.5,0.0,,0.0
0.5,0.009,IGHJ1*01,0.0017320508075688774
1.5,0.25,IGHJ2*01,0.009128709291752768
2.5,0.06433333333333334,IGHJ3*01,0.004630814663149935
3.5,0.004666666666666667,IGHJ3*02,0.0012472191289246471
4.5,0.034666666666666665,IGHJ4*01,0.0033993463423951896
5.5,0.5836666666666667,IGHJ5*01,0.013948317301938452
6.5,0.05366666666666667,IGHJ6*02,0.004229525846816507
7.5,0.0,,0.0
