bin_low_edge,contents,binlabel,error
-1.5,0.0,,0.0
-0.5,0.9543333333333334,,0.01783566962889566
0.5,0.04566666666666667,,0.003901566636906542
1.5,0.0,,0.0
