bin_low_edge,contents,binlabel,error
-1.5,0.0,,0.0
-0.5,0.06333333333333334,,0.0045946829173634076
0.5,0.05633333333333333,,0.004333333333333333
1.5,0.029333333333333333,,0.0031269438398822866
2.5,0.047,,0.003958114029012639
3.5,0.5873333333333334,,0.013992061241210238
4.5,0.005,,0.0012909944487358056
5.5,0.005333333333333333,,0.0013333333333333333
6.5,0.0016666666666666668,,0.00074535599249993
7.5,0.0016666666666666668,,0.00074535599249993
8.5,0.0003333333333333333,,0.0003333333333333333
9.5,0.19433333333333333,,0.008048464311766425
10.5,0.0,,0.0
11.5,0.0036666666666666666,,0.0011055415967851333
12.5,0.0006666666666666666,,0.0004714045207910317
13.5,0.0,,0.0
14.5,0.0,,0.0
15.5,0.0,,0.0
16.5,0.0,,0.0
17.5,0.0023333333333333335,,0.0008819171036881969
18.5,0.0003333333333333333,,0.0003333333333333333
19.5,0.0013333333333333333,,0.0006666666666666666
20.5,0.0,,0.0
