bin_low_edge,contents,binlabel,error
-1.5,0.0,,0.0
-0.5,0.9315068493150684,,0.11296179796212769
0.5,0.0684931506849315,,0.03063106818492863
1.5,0.0,,0.0
