bin_low_edge,contents,binlabel,error
-1.5,0.0,,0.0
-0.5,153.0,,12.36931687685298
0.5,8.0,,2.8284271247461903
1.5,0.0,,0.0
