unique_id,second_unique_id,score
-2886759665799512249,-8749548808764065077,17.425700
-2886759665799512249,-8972985913797676909,16.990500
-2886759665799512249,8884708445518763028,17.630300
-8749548808764065077,-8972985913797676909,16.986800
-8749548808764065077,8884708445518763028,17.425800
-8972985913797676909,8884708445518763028,16.990400
