unique_id_1,unique_id_2,score
3342651214084702024,-6785318672435007247,-431.738000
3342651214084702024,4770398013392084470,-423.085000
-6785318672435007247,4770398013392084470,-319.817000
