bin_low_edge,contents,binlabel,error
-0.01,0.0,,0.0
0.0,0.5031055900621118,,0.055900621118012424
0.01,0.2981366459627329,,0.043032318200468996
0.02,0.006211180124223602,,0.006211180124223602
0.03,0.09316770186335403,,0.024055797181412528
0.04,0.0,,0.0
0.05,0.055900621118012424,,0.018633540372670808
0.06,0.024844720496894408,,0.012422360248447204
0.07,0.0,,0.0
0.08,0.006211180124223602,,0.006211180124223602
0.09,0.0,,0.0
0.1,0.0,,0.0
0.11,0.0,,0.0
0.12,0.0,,0.0
0.13,0.0,,0.0
0.14,0.0,,0.0
0.15,0.0,,0.0
0.16,0.0,,0.0
0.17,0.0,,0.0
0.18,0.0,,0.0
0.19,0.0,,0.0
0.2,0.0,,0.0
0.21,0.0,,0.0
0.22,0.006211180124223602,,0.006211180124223602
0.23,0.0,,0.0
0.24,0.0,,0.0
0.25,0.006211180124223602,,0.006211180124223602
0.26,0.0,,0.0
0.27,0.0,,0.0
0.28,0.0,,0.0
0.29,0.0,,0.0
0.3,0.0,,0.0
0.31,0.0,,0.0
0.32,0.0,,0.0
0.33,0.0,,0.0
0.34,0.0,,0.0
0.35000000000000003,0.0,,0.0
0.36,0.0,,0.0
0.37,0.0,,0.0
0.38,0.0,,0.0
0.39,0.0,,0.0
0.4,0.0,,0.0
