bin_low_edge,contents,binlabel,error
-1.5,0.0,,0.0
-0.5,0.0,,0.2523113193555
0.5,0.0,,0.2523113193555
1.5,0.0,,0.2523113193555
2.5,0.0,,0.2523113193555
3.5,0.0,,0.2523113193555
4.5,0.0,,0.2523113193555
5.5,0.0,,0.183122646272
6.5,0.0,,0.183122646272
7.5,0.0,,0.183122646272
8.5,0.0,,0.183122646272
9.5,0.0,,0.183122646272
10.5,0.0,,0.183122646272
11.5,0.0,,0.183122646272
12.5,0.0,,0.183122646272
13.5,0.0,,0.183122646272
14.5,0.0,,0.183122646272
15.5,0.0,,0.183122646272
16.5,0.0,,0.183122646272
17.5,0.0,,0.183122646272
18.5,0.0,,0.183122646272
19.5,0.0,,0.0
