bin_low_edge,contents,binlabel,error
-0.5,0.0,,0.0
0.5,0.0,,0.2523113193555
1.5,0.0,,0.2523113193555
2.5,0.0,,0.2523113193555
3.5,0.0,,0.2523113193555
4.5,0.0,,0.2523113193555
5.5,0.0,,0.2523113193555
6.5,0.0,,0.2523113193555
7.5,0.0,,0.2523113193555
8.5,0.0,,0.2523113193555
9.5,0.0,,0.2523113193555
10.5,0.0,,0.2523113193555
11.5,0.0,,0.2523113193555
12.5,1.0,,0.21132486540518708
13.5,0.0,,0.2523113193555
14.5,0.0,,0.2523113193555
15.5,0.0,,0.2523113193555
16.5,0.0,,0.2523113193555
17.5,0.0,,0.2523113193555
18.5,0.0,,0.2523113193555
19.5,0.0,,0.2523113193555
20.5,0.0,,0.2523113193555
21.5,0.0,,0.2523113193555
22.5,0.0,,0.2523113193555
23.5,0.0,,0.2523113193555
24.5,0.0,,0.2523113193555
25.5,0.0,,0.2523113193555
26.5,0.0,,0.2523113193555
27.5,0.0,,0.2523113193555
28.5,0.0,,0.2523113193555
29.5,0.0,,0.2523113193555
30.5,0.0,,0.0
