bin_low_edge,contents,binlabel,error
-1.5,0.0,,0.0
-0.5,0.0,,0.2408509852555
0.5,0.0,,0.0131108975225
1.5,0.0,,0.0131108975225
2.5,0.0,,0.0131108975225
3.5,0.010752688172043012,,0.013110897523
4.5,0.0,,0.0131108975225
5.5,0.08602150537634409,,0.028672914064499996
6.5,0.34408602150537637,,0.04723148584049999
7.5,0.010752688172043012,,0.013110897523
8.5,0.10752688172043011,,0.031436115625000004
9.5,0.0,,0.0131108975225
10.5,0.010752688172043012,,0.013110897523
11.5,0.03488372093023256,,0.0206916719195
12.5,0.011904761904761904,,0.014474790832499999
13.5,0.03278688524590164,,0.024688495484499997
14.5,0.19298245614035087,,0.050389873241
15.5,0.0,,0.0243063597335
16.5,0.0,,0.045464170287
17.5,0.0,,0.0
