bin_low_edge,contents,binlabel,error
-1.5,0.0,,0.0
-0.5,0.0,,0.183122646272
0.5,0.0,,0.085752644391
1.5,0.0,,0.0064709566675
2.5,0.0,,0.0064709566675
3.5,0.046632124352331605,,0.015062320504499998
4.5,0.0,,0.0064047569285
5.5,0.015228426395939087,,0.009240999343
6.5,0.030303030303030304,,0.012299807806500002
7.5,0.0,,0.00624503546
8.5,0.005050505050505051,,0.006245035460499999
9.5,0.2222222222222222,,0.028525871974500017
10.5,0.2222222222222222,,0.028525871974500017
11.5,0.045454545454545456,,0.014694735413
12.5,0.010101010101010102,,0.007865367609
13.5,0.3383838383838384,,0.032395011533499996
14.5,0.0,,0.00624503546
15.5,0.0,,0.00624503546
16.5,0.050505050505050504,,0.015395347999500004
17.5,0.010101010101010102,,0.007865367609
18.5,0.07853403141361257,,0.019048480105499997
19.5,0.0,,0.0075657453955
20.5,0.006134969325153374,,0.007565745395500001
21.5,0.05263157894736842,,0.058080326459
22.5,0.10526315789473684,,0.071348554296
23.5,0.26666666666666666,,0.1060631539705
24.5,0.0,,0.071231840283
25.5,0.06666666666666667,,0.071231840283
26.5,0.26666666666666666,,0.1060631539705
27.5,0.0,,0.071231840283
28.5,0.0,,0.071231840283
29.5,0.0,,0.071231840283
30.5,0.0,,0.071231840283
31.5,0.0,,0.0919851157105
32.5,0.0,,0.1292772706625
33.5,0.0,,0.210199050962
34.5,0.0,,0.2408509852555
35.5,0.0,,0.0
