bin_low_edge,contents,binlabel,error
-1.5,0.0,,0.0
-0.5,0.0,,0.2408509852555
0.5,0.0,,0.210199050962
1.5,0.0,,0.210199050962
2.5,0.0,,0.183122646272
3.5,0.07142857142857142,,0.075498116454
4.5,0.06666666666666667,,0.071231840283
5.5,0.0,,0.067418880994
6.5,0.0,,0.067418880994
7.5,0.0625,,0.06741888099400001
8.5,0.0,,0.0580803264585
9.5,0.1,,0.0682947022345
10.5,0.0,,0.055514717096
11.5,0.05,,0.055514717096000005
12.5,0.0,,0.055514717096
13.5,0.0,,0.055514717096
14.5,0.25,,0.0911445446245
15.5,0.0,,0.055514717096
16.5,0.05,,0.055514717096000005
17.5,0.0,,0.055514717096
18.5,0.0,,0.055514717096
19.5,0.15789473684210525,,0.0812253427765
20.5,0.0,,0.060893341274
21.5,0.16666666666666666,,0.08487005081100002
22.5,0.0,,0.067418880994
23.5,0.125,,0.0823713257185
24.5,0.0,,0.067418880994
25.5,0.0,,0.071231840283
26.5,0.0,,0.075498116454
27.5,0.0,,0.08030265362
28.5,0.0,,0.2408509852555
29.5,0.0,,0.0
