bin_low_edge,contents,binlabel,error
-1.5,0.0,,0.0
-0.5,0.0,,0.210199050962
0.5,0.0,,0.210199050962
1.5,0.0,,0.1292772706625
2.5,0.0,,0.1075640645525
3.5,0.0,,0.1075640645525
4.5,0.0,,0.0919851157105
5.5,0.0,,0.085752644391
6.5,0.0,,0.085752644391
7.5,0.0,,0.085752644391
8.5,0.0,,0.085752644391
9.5,0.0,,0.117456351186
10.5,0.0,,0.117456351186
11.5,0.0,,0.117456351186
12.5,0.0,,0.117456351186
13.5,0.0,,0.161220762577
14.5,0.0,,0.161220762577
15.5,0.0,,0.0
