bin_low_edge,contents,binlabel,error
-0.5,0.0,,0.0
0.5,0.0,,0.2523113193555
1.5,0.0,,0.2523113193555
2.5,1.0,,0.21132486540518708
3.5,0.0,,0.2523113193555
4.5,0.0,,0.2523113193555
5.5,0.5,,0.24085098525600002
6.5,0.0,,0.2408509852555
7.5,0.0,,0.2408509852555
8.5,0.0,,0.2408509852555
9.5,0.0,,0.2408509852555
10.5,0.0,,0.2408509852555
11.5,0.0,,0.2408509852555
12.5,0.0,,0.2408509852555
13.5,0.0,,0.2408509852555
14.5,0.5,,0.24085098525600002
15.5,0.0,,0.2408509852555
16.5,0.0,,0.2408509852555
17.5,0.0,,0.2408509852555
18.5,0.0,,0.2408509852555
19.5,0.0,,0.2408509852555
20.5,0.5,,0.24085098525600002
21.5,0.5,,0.24085098525600002
22.5,0.0,,0.2408509852555
23.5,0.5,,0.24085098525600002
24.5,0.0,,0.2408509852555
25.5,0.0,,0.2408509852555
26.5,1.0,,0.21132486540518708
27.5,0.0,,0.2523113193555
28.5,0.0,,0.0
