bin_low_edge,contents,binlabel,error
-0.01,0.0,,0.0
0.0,0.5473333333333333,,0.01350719972623654
0.01,0.058333333333333334,,0.004409585518440984
0.02,0.249,,0.0091104335791443
0.03,0.014666666666666666,,0.0022110831935702666
0.04,0.064,,0.0046188021535170055
0.05,0.005333333333333333,,0.0013333333333333333
0.06,0.018666666666666668,,0.0024944382578492943
0.07,0.0016666666666666668,,0.00074535599249993
0.08,0.007666666666666666,,0.0015986105077709064
0.09,0.005333333333333333,,0.0013333333333333333
0.1,0.0033333333333333335,,0.0010540925533894599
0.11,0.005666666666666667,,0.0013743685418725535
0.12,0.005,,0.0012909944487358056
0.13,0.0033333333333333335,,0.0010540925533894599
0.14,0.0023333333333333335,,0.0008819171036881969
0.15,0.0013333333333333333,,0.0006666666666666666
0.16,0.0033333333333333335,,0.0010540925533894599
0.17,0.0013333333333333333,,0.0006666666666666666
0.18,0.0006666666666666666,,0.0004714045207910317
0.19,0.0003333333333333333,,0.0003333333333333333
0.2,0.0006666666666666666,,0.0004714045207910317
0.21,0.0,,0.0
0.22,0.0,,0.0
0.23,0.0,,0.0
0.24,0.0,,0.0
0.25,0.0003333333333333333,,0.0003333333333333333
0.26,0.0003333333333333333,,0.0003333333333333333
0.27,0.0,,0.0
0.28,0.0,,0.0
0.29,0.0,,0.0
0.3,0.0,,0.0
0.31,0.0,,0.0
0.32,0.0,,0.0
0.33,0.0,,0.0
0.34,0.0,,0.0
0.35000000000000003,0.0,,0.0
0.36,0.0,,0.0
0.37,0.0,,0.0
0.38,0.0,,0.0
0.39,0.0,,0.0
0.4,0.0,,0.0
