bin_low_edge,contents,binlabel,error
-1.5,0.0,,0.0
-0.5,868.0,,29.46183972531247
0.5,536.0,,23.15167380558045
1.5,431.0,,20.760539492026695
2.5,369.0,,19.209372712298546
3.5,134.0,,11.575836902790225
4.5,144.0,,12.0
5.5,122.0,,11.045361017187261
6.5,146.0,,12.083045973594572
7.5,81.0,,9.0
8.5,63.0,,7.937253933193772
9.5,27.0,,5.196152422706632
10.5,64.0,,8.0
11.5,1.0,,1.0
12.5,14.0,,3.7416573867739413
13.5,0.0,,0.0
