bin_low_edge,contents,binlabel,error
-0.5,0.0,,0.0
0.5,0.21390398040698771,A,0.0004355150904357218
1.5,0.2693383013418766,C,0.0004887005559220846
2.5,0.291555124411549,G,0.0005084568635819922
3.5,0.22520259383958666,T,0.0004468692477811249
4.5,0.0,,0.0
