bin_low_edge,contents,binlabel,error
-1.5,0.0,,0.0
-0.5,2.0,,1.4142135623730951
0.5,3.0,,1.7320508075688772
1.5,0.0,,0.0
