bin_low_edge,contents,binlabel,error
5.5,0.0,,0.0
6.5,2.0,,1.4142135623730951
7.5,3.0,,1.7320508075688772
8.5,0.0,,0.0
