bin_low_edge,contents,binlabel,error
0.5,0.0,,0.0
1.5,1.0,,1.0
2.5,87.0,,9.327379053088816
3.5,5.0,,2.23606797749979
4.5,0.0,,0.0
