bin_low_edge,contents,binlabel,error
-1.5,0.0,,0.0
-0.5,0.0,,0.2408509852555
0.5,0.0,,0.2408509852555
1.5,0.0,,0.2408509852555
2.5,0.0,,0.210199050962
3.5,0.07142857142857142,,0.075498116454
4.5,0.07142857142857142,,0.075498116454
5.5,0.0,,0.075498116454
6.5,0.0,,0.075498116454
7.5,0.07142857142857142,,0.075498116454
8.5,0.0,,0.075498116454
9.5,0.07142857142857142,,0.075498116454
10.5,0.0,,0.075498116454
11.5,0.0,,0.075498116454
12.5,0.0,,0.075498116454
13.5,0.0,,0.075498116454
14.5,0.35714285714285715,,0.11680558524149998
15.5,0.0,,0.075498116454
16.5,0.07142857142857142,,0.075498116454
17.5,0.0,,0.075498116454
18.5,0.0,,0.075498116454
19.5,0.15384615384615385,,0.0973186870795
20.5,0.0,,0.08030265362
21.5,0.0,,0.0919851157105
22.5,0.0,,0.0919851157105
23.5,0.09090909090909091,,0.09198511571
24.5,0.0,,0.0919851157105
25.5,0.0,,0.0919851157105
26.5,0.09090909090909091,,0.09198511571
27.5,0.0,,0.0991776932315
28.5,0.0,,0.2408509852555
29.5,0.0,,0.0
