bin_low_edge,contents,binlabel,error
-1.5,0.0,,0.0
-0.5,0.16666666666666666,,0.143604373362
0.5,0.16666666666666666,,0.143604373362
1.5,0.0,,0.117456351186
2.5,0.0,,0.117456351186
3.5,0.007633587786259542,,0.009379219895
4.5,0.022388059701492536,,0.013473375071999999
5.5,0.0,,0.009173090254
6.5,0.0,,0.009173090254
7.5,0.013793103448275862,,0.0106816306075
8.5,0.00641025641025641,,0.007899877145000001
9.5,0.02564102564102564,,0.0130593176025
10.5,0.03821656050955414,,0.015408995034
11.5,0.0,,0.007801437095
12.5,0.025,,0.012740989462500001
13.5,0.0125,,0.009698805676
14.5,0.00625,,0.007705420030000001
15.5,0.00625,,0.007705420030000001
16.5,0.00625,,0.007705420030000001
17.5,0.006329113924050633,,0.0078014370950000005
18.5,0.02531645569620253,,0.012898190505
19.5,0.04430379746835443,,0.016368906051000002
20.5,0.006329113924050633,,0.0078014370950000005
21.5,0.006329113924050633,,0.0078014370950000005
22.5,0.056962025316455694,,0.0182585870195
23.5,0.012658227848101266,,0.009819270873
24.5,0.0189873417721519,,0.0114719113585
25.5,0.01948051948051948,,0.011763157227500001
26.5,0.03333333333333333,,0.038489359842499994
27.5,0.06666666666666667,,0.0477745970715
28.5,0.0,,0.0639911215165
29.5,0.0,,0.161220762577
30.5,0.0,,0.0
