bin_low_edge,contents,binlabel,error
-0.5,0.0,,0.0
0.5,0.01001669449081803,,0.0041352718625
1.5,0.08514190317195326,,0.011067439705499997
2.5,0.0,,0.0020816276445
3.5,0.003236245954692557,,0.0025458219085000003
4.5,0.0,,0.0020178859775
5.5,0.06623586429725363,,0.009717438496
6.5,0.0016051364365971107,,0.0020017554765
7.5,0.0016051364365971107,,0.0020017554765
8.5,0.008025682182985553,,0.0036699408120000002
9.5,0.0,,0.0020017554765
10.5,0.0032102728731942215,,0.0025254876065000003
11.5,0.0,,0.0020017554765
12.5,0.004815409309791332,,0.0029576118665
13.5,0.016051364365971106,,0.005014387648499999
14.5,0.0,,0.0020017554765
15.5,0.0032102728731942215,,0.0025254876065000003
16.5,0.0032102728731942215,,0.0025254876065000003
17.5,0.004815409309791332,,0.0029576118665
18.5,0.0016051364365971107,,0.0020017554765
19.5,0.025682182985553772,,0.006237334862499999
20.5,0.009630818619582664,,0.0039772458365
21.5,0.0,,0.0020114026815
22.5,0.0064516129032258064,,0.003349388474
23.5,0.0032258064516129032,,0.0025376490200000002
24.5,0.030694668820678513,,0.006801626064500002
25.5,0.0,,0.002014639114
26.5,0.03877221324717286,,0.0075856293379999995
27.5,0.006462035541195477,,0.0033547646155
28.5,0.046052631578947366,,0.008293555271000001
29.5,0.0,,0.0021168207175
30.5,0.0,,0.0
