bin_low_edge,contents,binlabel,error
-1.5,0.0,,0.0
-0.5,0.02666666666666667,,0.020261805888
0.5,0.012987012987012988,,0.015748998166999997
1.5,0.012987012987012988,,0.015748998166999997
2.5,0.0,,0.0157489981665
3.5,0.0,,0.0157489981665
4.5,0.0,,0.0157489981665
5.5,0.025974025974025976,,0.019755696742
6.5,0.0,,0.0157489981665
7.5,0.012987012987012988,,0.015748998166999997
8.5,0.012987012987012988,,0.015748998166999997
9.5,0.025974025974025976,,0.019755696742
10.5,0.0,,0.0157489981665
11.5,0.012987012987012988,,0.015748998166999997
12.5,0.012987012987012988,,0.015748998166999997
13.5,0.03896103896103896,,0.0230013059785
14.5,0.03896103896103896,,0.0230013059785
15.5,0.0,,0.0157489981665
16.5,0.012987012987012988,,0.015748998166999997
17.5,0.0,,0.0157489981665
18.5,0.0,,0.0157489981665
19.5,0.0,,0.0157489981665
20.5,0.0,,0.0157489981665
21.5,0.05194805194805195,,0.025770227184000002
22.5,0.0,,0.0157489981665
23.5,0.03896103896103896,,0.0230013059785
24.5,0.0,,0.0157489981665
25.5,0.0,,0.0157489981665
26.5,0.02666666666666667,,0.020261805888
27.5,0.0,,0.210199050962
28.5,0.0,,0.210199050962
29.5,0.0,,0.2408509852555
30.5,0.0,,0.0
