bin_low_edge,contents,binlabel,error
0.5,0.0,,0.0
1.5,0.0,,0.2408509852555
2.5,0.0,,0.2408509852555
3.5,0.0,,0.2408509852555
4.5,0.0,,0.2408509852555
5.5,0.0,,0.143604373362
6.5,0.0,,0.1292772706625
7.5,0.0,,0.1292772706625
8.5,0.0,,0.1292772706625
9.5,0.0,,0.1292772706625
10.5,0.0,,0.1292772706625
11.5,0.0,,0.1292772706625
12.5,0.14285714285714285,,0.1292772706625
13.5,0.0,,0.1292772706625
14.5,0.0,,0.1292772706625
15.5,0.0,,0.1292772706625
16.5,0.0,,0.1292772706625
17.5,0.14285714285714285,,0.1292772706625
18.5,0.0,,0.1292772706625
19.5,0.0,,0.1292772706625
20.5,0.0,,0.1292772706625
21.5,0.0,,0.1292772706625
22.5,0.0,,0.1292772706625
23.5,0.0,,0.1292772706625
24.5,0.0,,0.1292772706625
25.5,0.14285714285714285,,0.1292772706625
26.5,0.0,,0.1292772706625
27.5,0.0,,0.1292772706625
28.5,0.0,,0.1292772706625
29.5,0.0,,0.1292772706625
30.5,0.0,,0.1292772706625
31.5,0.0,,0.1292772706625
32.5,0.0,,0.143604373362
33.5,0.0,,0.2408509852555
34.5,0.0,,0.2408509852555
35.5,0.0,,0.0
