bin_low_edge,contents,binlabel,error
-1.5,0.0,,0.0
-0.5,0.0,,0.143604373362
0.5,0.0,,0.143604373362
1.5,0.5,,0.17102506597800002
2.5,0.0,,0.143604373362
3.5,0.16666666666666666,,0.143604373362
4.5,0.0,,0.143604373362
5.5,0.0,,0.143604373362
6.5,0.0,,0.143604373362
7.5,0.0,,0.143604373362
8.5,0.0,,0.143604373362
9.5,0.0,,0.143604373362
10.5,0.0,,0.143604373362
11.5,0.16666666666666666,,0.143604373362
12.5,0.0,,0.210199050962
13.5,0.0,,0.210199050962
14.5,0.0,,0.210199050962
15.5,0.0,,0.0
