bin_low_edge,contents,binlabel,error
-1.5,0.0,,0.0
-0.5,0.0,,0.210199050962
0.5,0.4,,0.18050022532649998
1.5,0.42857142857142855,,0.16011560531049998
2.5,0.1111111111111111,,0.10756406455249998
3.5,0.3333333333333333,,0.13964134341650003
4.5,0.1111111111111111,,0.10756406455249998
5.5,0.1111111111111111,,0.10756406455249998
6.5,0.1111111111111111,,0.10756406455249998
7.5,0.1111111111111111,,0.10756406455249998
8.5,0.1111111111111111,,0.10756406455249998
9.5,0.2222222222222222,,0.12775734037800002
10.5,0.3333333333333333,,0.13964134341650003
11.5,0.1111111111111111,,0.10756406455249998
12.5,0.3333333333333333,,0.13964134341650003
13.5,0.42857142857142855,,0.16011560531049998
14.5,0.14285714285714285,,0.1292772706625
15.5,0.0,,0.0
