bin_low_edge,contents,binlabel,error
-1.5,0.0,,0.0
-0.5,0.0,,0.2408509852555
0.5,0.5,,0.197302807719
1.5,0.5,,0.197302807719
2.5,0.4,,0.18050022532649998
3.5,0.6,,0.18050022532650004
4.5,0.6,,0.18050022532650004
5.5,0.2,,0.1612207625775
6.5,0.4,,0.18050022532649998
7.5,0.02631578947368421,,0.0200055527915
8.5,0.013157894736842105,,0.01594956944
9.5,0.0,,0.0159495694395
10.5,0.0,,0.0159495694395
11.5,0.013157894736842105,,0.01594956944
12.5,0.0,,0.0161553140195
13.5,0.013333333333333334,,0.0161553140195
14.5,0.12,,0.036670438677999996
15.5,0.04,,0.023586278749
16.5,0.02666666666666667,,0.020261805888
17.5,0.0,,0.0161553140195
18.5,0.0,,0.0161553140195
19.5,0.0,,0.0161553140195
20.5,0.0,,0.0161553140195
21.5,0.013513513513513514,,0.0163664346175
22.5,0.0,,0.0163664346175
23.5,0.02702702702702703,,0.020524704728
24.5,0.013513513513513514,,0.0163664346175
25.5,0.04054054054054054,,0.023890053424500002
26.5,0.0,,0.2523113193555
27.5,0.0,,0.0
