bin_low_edge,contents,binlabel,error
0.5,0.0,,0.0
1.5,0.0,,0.0007108034237942189
2.5,0.0011370096645821489,,0.0008972398607555647
3.5,0.009096077316657191,,0.0022323940462403
4.5,0.0,,0.0007095949065212115
5.5,0.0022701475595913734,,0.0011834760799023778
6.5,0.00681044267877412,,0.0019450678918897513
7.5,0.0028376844494892167,,0.0013036560077989512
8.5,0.0011350737797956867,,0.0008957147944156304
9.5,0.041430192962542564,,0.0046085418359411295
10.5,0.046538024971623154,,0.004868940874618945
11.5,0.024404086265607264,,0.003579470912502384
12.5,0.0011350737797956867,,0.0008957147944156304
13.5,0.04426787741203178,,0.004755327658950068
14.5,0.0,,0.0007095949065212115
15.5,0.0011350737797956867,,0.0008957147944156304
16.5,0.011350737797956867,,0.0024788588394917014
17.5,0.0005675368898978433,,0.0007095949065212115
18.5,0.03688989784335982,,0.004361391957515299
19.5,0.05618615209988649,,0.005319098425712019
20.5,0.0005675368898978433,,0.0007095949065212115
21.5,0.12903225806451613,,0.05921183799600001
22.5,0.14285714285714285,,0.09178198465349999
23.5,0.35714285714285715,,0.11680558524149998
24.5,0.0,,0.075498116454
25.5,0.14285714285714285,,0.09178198465349999
26.5,0.42857142857142855,,0.1199583967475
27.5,0.5714285714285714,,0.11995839674749997
28.5,0.6428571428571429,,0.11680558524149998
29.5,0.0,,0.075498116454
30.5,0.0,,0.075498116454
31.5,0.1111111111111111,,0.10756406455249998
32.5,0.4444444444444444,,0.145224678835
33.5,0.375,,0.14947606963299997
34.5,0.5,,0.15301807772300002
35.5,0.6,,0.18050022532650004
36.5,0.0,,0.0
