bin_low_edge,contents,binlabel,error
-1.5,0.0,,0.0
-0.5,3.0,,1.7320508075688772
0.5,0.0,,0.0
1.5,1.0,,1.0
2.5,0.0,,0.0
3.5,2.0,,1.4142135623730951
4.5,1.0,,1.0
5.5,0.0,,0.0
6.5,0.0,,0.0
7.5,1.0,,1.0
8.5,1.0,,1.0
9.5,0.0,,0.0
10.5,1.0,,1.0
11.5,1.0,,1.0
12.5,1.0,,1.0
13.5,0.0,,0.0
