bin_low_edge,contents,binlabel,error
0.5,0.0,,0.0
1.5,0.0,,0.009668913745
2.5,0.006802721088435374,,0.0083754487865
3.5,0.0,,0.0083197988745
4.5,0.0,,0.0083197988745
5.5,0.006756756756756757,,0.0083197988745
6.5,0.0,,0.0083197988745
7.5,0.08783783783783784,,0.022777359168
8.5,0.013513513513513514,,0.0104694494515
9.5,0.006289308176100629,,0.0077531313145
10.5,0.006289308176100629,,0.0077531313145
11.5,0.012578616352201259,,0.009758666569
12.5,0.0,,0.007753131315
13.5,0.031446540880503145,,0.014079463426499999
14.5,0.025157232704402517,,0.012819108247
15.5,0.012578616352201259,,0.009758666569
16.5,0.025157232704402517,,0.012819108247
17.5,0.006289308176100629,,0.0077531313145
18.5,0.006211180124223602,,0.007658292333
19.5,0.018633540372670808,,0.011262766681
20.5,0.006211180124223602,,0.007658292333
21.5,0.012422360248447204,,0.0096396746015
22.5,0.012422360248447204,,0.0096396746015
23.5,0.0,,0.0076582923335
24.5,0.031055900621118012,,0.013909473868499998
25.5,0.043478260869565216,,0.0160744886015
26.5,0.006211180124223602,,0.007658292333
27.5,0.018633540372670808,,0.011262766681
28.5,0.0,,0.0076582923335
29.5,0.0,,0.0076582923335
30.5,0.0,,0.0076582923335
31.5,0.10559006211180125,,0.023599227674000002
32.5,0.0,,0.0076582923335
33.5,0.006211180124223602,,0.007658292333
34.5,0.012422360248447204,,0.0096396746015
35.5,0.0,,0.0076582923335
36.5,0.0,,0.0076582923335
37.5,0.012422360248447204,,0.0096396746015
38.5,0.0,,0.0076582923335
39.5,0.012422360248447204,,0.0096396746015
40.5,0.012422360248447204,,0.0096396746015
41.5,0.0,,0.0076582923335
42.5,0.006211180124223602,,0.007658292333
43.5,0.11180124223602485,,0.024174006420000005
44.5,0.006211180124223602,,0.007658292333
45.5,0.0,,0.0076582923335
46.5,0.024844720496894408,,0.012663816657999998
47.5,0.0,,0.0076582923335
48.5,0.024844720496894408,,0.012663816657999998
49.5,0.012422360248447204,,0.0096396746015
50.5,0.0,,0.0076582923335
51.5,0.006211180124223602,,0.007658292333
52.5,0.006211180124223602,,0.007658292333
53.5,0.037267080745341616,,0.015038179258499998
54.5,0.018633540372670808,,0.011262766681
55.5,0.006211180124223602,,0.007658292333
56.5,0.006211180124223602,,0.007658292333
57.5,0.055900621118012424,,0.017932504257500002
58.5,0.006211180124223602,,0.007658292333
59.5,0.024844720496894408,,0.012663816657999998
60.5,0.018633540372670808,,0.011262766681
61.5,0.0,,0.0
