bin_low_edge,contents,binlabel,error
-1.5,0.0,,0.0
-0.5,0.02666666666666667,,0.020261805888
0.5,0.012658227848101266,,0.015362614394499999
1.5,0.8571428571428571,,0.03709413329450001
2.5,0.02197802197802198,,0.016815263029500004
3.5,0.0,,0.0133913016685
4.5,0.02197802197802198,,0.016815263029500004
5.5,0.0,,0.0117568766445
6.5,0.019230769230769232,,0.014773229975999998
7.5,0.04807692307692308,,0.021203370670500002
8.5,0.009615384615384616,,0.0117568766445
9.5,0.019230769230769232,,0.014773229975999998
10.5,0.04807692307692308,,0.021203370670500002
11.5,0.04807692307692308,,0.021203370670500002
12.5,0.009615384615384616,,0.0117568766445
13.5,0.0,,0.0117568766445
14.5,0.0,,0.0117568766445
15.5,0.0,,0.0117568766445
16.5,0.009615384615384616,,0.0117568766445
17.5,0.019230769230769232,,0.014773229975999998
18.5,0.0,,0.0117568766445
19.5,0.019230769230769232,,0.014773229975999998
20.5,0.038461538461538464,,0.019339474270999996
21.5,0.09615384615384616,,0.028349887182999994
22.5,0.038461538461538464,,0.019339474270999996
23.5,0.0,,0.0117568766445
24.5,0.009615384615384616,,0.0117568766445
25.5,0.009615384615384616,,0.0117568766445
26.5,0.038461538461538464,,0.019339474270999996
27.5,0.028846153846153848,,0.017230507466499997
28.5,0.009615384615384616,,0.0117568766445
29.5,0.028846153846153848,,0.017230507466499997
30.5,0.028846153846153848,,0.017230507466499997
31.5,0.057692307692307696,,0.022881815143
32.5,0.028846153846153848,,0.017230507466499997
33.5,0.009615384615384616,,0.0117568766445
34.5,0.0,,0.0117568766445
35.5,0.009615384615384616,,0.0117568766445
36.5,0.009615384615384616,,0.0117568766445
37.5,0.0,,0.0117568766445
38.5,0.028846153846153848,,0.017230507466499997
39.5,0.028846153846153848,,0.017230507466499997
40.5,0.038461538461538464,,0.019339474270999996
41.5,0.0,,0.0117568766445
42.5,0.009615384615384616,,0.0117568766445
43.5,0.0,,0.0117568766445
44.5,0.009615384615384616,,0.0117568766445
45.5,0.0673076923076923,,0.024412933533999998
46.5,0.019230769230769232,,0.014773229975999998
47.5,0.0,,0.0
