bin_low_edge,contents,binlabel,error
-0.5,0.0,,0.0
0.5,0.07065217391304347,,0.018539233172
1.5,0.021739130434782608,,0.0111152530005
2.5,0.0213903743315508,,0.010940741596000001
3.5,0.058823529411764705,,0.0169635911925
4.5,0.0213903743315508,,0.010940741596000001
5.5,0.0,,0.0066075480875
6.5,0.0053475935828877,,0.0066075480875
7.5,0.016042780748663103,,0.009725984425
8.5,0.015873015873015872,,0.0096249579175
9.5,0.015873015873015872,,0.0096249579175
10.5,0.021164021164021163,,0.0108274126045
11.5,0.042328042328042326,,0.0145934632
12.5,0.0,,0.0064709566675
13.5,0.02072538860103627,,0.0106076533545
14.5,0.0,,0.0064047569285
15.5,0.0,,0.0064047569285
16.5,0.0,,0.0064047569285
17.5,0.0,,0.0064047569285
18.5,0.0051813471502590676,,0.0064047569285
19.5,0.0051813471502590676,,0.0064047569285
20.5,0.02072538860103627,,0.0106076533545
21.5,0.010362694300518135,,0.008065999604
22.5,0.02072538860103627,,0.0106076533545
23.5,0.0,,0.0064047569285
24.5,0.05699481865284974,,0.0164574408655
25.5,0.015544041450777202,,0.009429072110499998
26.5,0.046632124352331605,,0.015062320504499998
27.5,0.05699481865284974,,0.0164574408655
28.5,0.0,,0.0064047569285
29.5,0.0,,0.0064047569285
30.5,0.0,,0.0064047569285
31.5,0.010362694300518135,,0.008065999604
32.5,0.0,,0.0064047569285
33.5,0.015544041450777202,,0.009429072110499998
34.5,0.0,,0.0064047569285
35.5,0.09326424870466321,,0.0204147478455
36.5,0.0051813471502590676,,0.0064047569285
37.5,0.015544041450777202,,0.009429072110499998
38.5,0.010362694300518135,,0.008065999604
39.5,0.0,,0.0064047569285
40.5,0.0,,0.0064047569285
41.5,0.015544041450777202,,0.009429072110499998
42.5,0.0,,0.0064047569285
43.5,0.015544041450777202,,0.009429072110499998
44.5,0.0051813471502590676,,0.0064047569285
45.5,0.025906735751295335,,0.011657327808500002
46.5,0.04145077720207254,,0.014300584116
47.5,0.015544041450777202,,0.009429072110499998
48.5,0.02072538860103627,,0.0106076533545
49.5,0.0,,0.0
