position,mute_freq,lo_err,hi_err
0,0.0,0.0,0.0018385294194572272
1,0.07540056550424128,0.068322703131801873,0.084042502832311183
2,0.362629246676514,0.35019611460153982,0.37545901326492104
3,0.24852767962308597,0.23867454119212458,0.25895995892115498
4,0.28485153497735277,0.27527119473825723,0.29485535875612867
5,0.12630763270050369,0.12026332583954191,0.13291833119088681
6,0.1321311475409836,0.12643403506802986,0.13830013609125524
7,0.1340366118523115,0.12845215405672905,0.14006531735091454
8,0.03181552831290134,0.029174920843617801,0.034990844252847819
9,0.057791834387579066,0.054208546444392679,0.061872598765883802
10,0.05349439171699741,0.050049404787208492,0.057441835735653424
11,0.1125,0.10750692803074896,0.11793380674429055
12,0.2752075919335706,0.26789881586709285,0.28277719241219568
13,0.1748964638419879,0.16853968071125669,0.1816584475046813
14,0.184941013185288,0.17815863633100934,0.19215106680214677
15,0.18779342723004694,0.18055950081248479,0.19550517473752294
16,0.07924061081304168,0.074266701338426916,0.084893816516561138
17,0.173371104815864,0.16501554495569065,0.18245037047655766
18,0.2086720867208672,0.19737409308671958,0.22099863886086524
19,0.0,0.0,0.0014350638047404081
