position,mute_freq,lo_err,hi_err
0,0.0,0.0,0.018763326558572609
1,0.0945945945945946,0.071517447286355951,0.13863180775942252
2,0.30392156862745096,0.26388032141615064,0.35135993968146284
3,0.19858156028368795,0.17026665543712688,0.23516202103572947
4,0.19298245614035087,0.16729748799871341,0.22562451902700931
5,0.12444444444444444,0.10633021430747049,0.14904283084363268
6,0.11320754716981132,0.097147374701284261,0.13494452984706617
7,0.16909620991253643,0.15139249301517432,0.19055733161480204
8,0.11731843575418995,0.102906809933247,0.13589446142064354
9,0.035422343324250684,0.028370464851491434,0.047408513760021087
10,0.1002710027100271,0.087199608633114808,0.11756337414782325
11,0.12195121951219512,0.10743273432456626,0.14046159233924949
12,0.08130081300813008,0.069669570571028877,0.097353575594186337
13,0.21951219512195122,0.20016857779448377,0.24181730174660709
14,0.0,0.0,0.0030053714835301384
15,0.16611295681063123,0.14751299406354842,0.18903018006237549
16,0.0,0.0,0.005144525539549194
