position,mute_freq,lo_err,hi_err
0,0.0,0.0,0.030901404507609146
1,0.29411764705882354,0.23133758291285056,0.37942936475165212
2,0.11764705882352941,0.083970675134092954,0.19320379075000693
3,0.11764705882352941,0.083970675134092954,0.19320379075000693
4,0.14705882352941177,0.10719195122110919,0.22557386349240027
5,0.14705882352941177,0.10719195122110919,0.22557386349240027
6,0.17647058823529413,0.13107270736038351,0.25728915894943538
7,0.0,0.0,0.030901404507609146
8,0.029411764705882353,0.020969618594593065,0.089529706946058774
9,0.08823529411764706,0.061592203465023795,0.15999922341775874
10,0.08823529411764706,0.061592203465023795,0.15999922341775874
11,0.23529411764705882,0.18038339412183363,0.31917828680378912
12,0.0,0.0,0.030901404507609146
13,0.14705882352941177,0.10719195122110919,0.22557386349240027
14,0.23529411764705882,0.18038339412183363,0.31917828680378912
15,0.0,0.0,0.030901404507609146
16,0.08823529411764706,0.061592203465023795,0.15999922341775874
17,0.20588235294117646,0.15549628660335513,0.28846453404638439
18,0.08823529411764706,0.061592203465023795,0.15999922341775874
19,0.08823529411764706,0.061592203465023795,0.15999922341775874
20,0.2647058823529412,0.2056776261503877,0.34948622394423368
21,0.23529411764705882,0.18038339412183363,0.31917828680378912
22,0.029411764705882353,0.020969618594593065,0.089529706946058774
23,0.029411764705882353,0.020969618594593065,0.089529706946058774
24,0.17647058823529413,0.13107270736038351,0.25728915894943538
25,0.3235294117647059,0.25733224680980388,0.40903847150772754
26,0.20588235294117646,0.15549628660335513,0.28846453404638439
27,0.2647058823529412,0.2056776261503877,0.34948622394423368
28,0.0,0.0,0.030901404507609146
29,0.5333333333333333,0.41228781684943461,0.64660420411969499
30,0.0,0.0,0.16731682234439568
