position,mute_freq,lo_err,hi_err
0,0.0,0.0,0.0060512978506125819
1,0.0548885077186964,0.047189759893230751,0.065567559923808805
2,0.2761557177615572,0.26161334074793513,0.29176181220149855
3,0.2988133764832794,0.28470446873306332,0.31377024475539006
4,0.2571428571428571,0.24455342831929663,0.27063617680803864
5,0.18802122820318423,0.17807661894415769,0.19889050665003216
6,0.14723517654896737,0.1388446922076331,0.15654459388119724
7,0.16138165345413363,0.15328696202364336,0.17022619256741167
8,0.13065076999503228,0.1237405319321466,0.13827863994528666
9,0.20591039084842708,0.1976451053189833,0.21472394428183217
10,0.15610859728506787,0.14894299040734632,0.16388285537947489
11,0.1310101455668284,0.12447099555728094,0.13818596337767863
12,0.25185832968954963,0.2432914686607032,0.26084959597793078
13,0.1753191489361702,0.1680012141672563,0.18317752374640439
14,0.15881104033970275,0.15180756319020866,0.16638123201595245
15,0.23989681857265693,0.2315517032194685,0.2486793442675026
16,0.10871440897325281,0.10278680045285016,0.11530231573401506
17,0.22056159420289856,0.21227423331665546,0.22934397558324349
18,0.06273234200743494,0.058065176262547313,0.068194296204710625
19,0.20452310717797442,0.19615617889426187,0.21345820751686473
20,0.16541755888650964,0.15745066968628904,0.17408493912343304
21,0.23245331616226658,0.22242382671302691,0.24315643112182017
22,0.23823975720789076,0.22728007485651452,0.24997584943453166
23,0.25313059033989266,0.24098810760412734,0.26613609972121621
24,0.24653148345784417,0.23344641257618767,0.26067349815703278
25,0.2631578947368421,0.2481451211964659,0.27941889120007068
26,0.056,0.048433668313943037,0.066339928679316373
27,0.0,0.0,0.003929935964016416
