position,mute_freq,lo_err,hi_err
0,0.0,0.0,0.0092670672270104282
1,0.17408906882591094,0.15331361890312825,0.19999345060493046
2,0.19873817034700317,0.17892115141199888,0.22225496639265552
3,0.10997442455242967,0.096570288436710436,0.12726628043037869
4,0.17913832199546487,0.16289365546026624,0.19821989677894314
5,0.1913214990138067,0.17561491130866008,0.20940320341154328
6,0.17970049916805325,0.16559126736834492,0.19588992437801322
7,0.13082706766917293,0.11924895043468772,0.14457270054738702
8,0.26420454545454547,0.24879627019123182,0.28092067726790093
9,0.11455525606469003,0.10424412264346324,0.12689516663443379
10,0.07553956834532374,0.06765553823858228,0.085411878554600085
11,0.20623501199040767,0.19337387159699737,0.22047210766353176
12,0.17307692307692307,0.16115595295144627,0.18653284342058563
13,0.13822115384615385,0.12748845724382668,0.15065247780994373
14,0.05421686746987952,0.047624259285127105,0.062907788890685934
15,0.045949214026602174,0.039933837316351799,0.054109628582003966
16,0.05372405372405373,0.047127565387223375,0.062449335849327436
17,0.07673267326732673,0.06867079831885077,0.086840902094742933
18,0.09499358151476252,0.085825968253764165,0.10619194530411535
19,0.10497237569060773,0.09499884913870385,0.11707670878572451
20,0.2833333333333333,0.26626109664423819,0.3018150187815688
21,0.15738963531669867,0.14323227244506298,0.17411264551144701
22,0.17841409691629956,0.16241402329914489,0.19717637855509185
23,0.21739130434782608,0.1991275303724761,0.23831599597969133
24,0.13352272727272727,0.11798458320201846,0.15311648451111948
25,0.10367892976588629,0.089132882311527731,0.12338410845686265
26,0.2895927601809955,0.262017827681708,0.32086513167741704
27,0.12921348314606743,0.10884477722952235,0.15765800074565228
28,0.19402985074626866,0.16544145307496638,0.23144132156551767
29,0.20212765957446807,0.16825787616519422,0.24817498409132932
30,0.0,0.0,0.025225506050319507
