position,mute_freq,lo_err,hi_err
0,0.0,0.0,0.0026824892937734371
1,0.12407407407407407,0.11168931918981677,0.1391752979183386
2,0.10252100840336134,0.091768593700867082,0.11588096622629784
3,0.22817764165390506,0.21311316521555884,0.24486724706777596
4,0.21834625322997417,0.20469806526840423,0.23341570013908064
5,0.22346368715083798,0.21060262959194201,0.23753189137507214
6,0.18208955223880596,0.17093179990825122,0.19448344010871177
7,0.04831358249772106,0.042827302068174429,0.055409289113921401
8,0.07149161518093557,0.064808379241359959,0.079653172789137749
9,0.1285591026747196,0.1196687465756823,0.13870214046369744
10,0.2686084142394822,0.25678378398045909,0.28116484430383015
11,0.2314410480349345,0.22081939078166471,0.24282685687526362
12,0.26233023588277343,0.25128928437917636,0.27403537615835383
13,0.21765913757700206,0.20759528259431614,0.22847857830042972
14,0.314777998674619,0.3034577304771971,0.32657819595505366
15,0.18571428571428572,0.17652737384546049,0.19569917871348774
16,0.24402840542285345,0.23379742763146233,0.25490552683080625
17,0.2011313639220616,0.19177808466083235,0.21121918025575093
18,0.09208899876390605,0.085620556100404741,0.09954329302881737
19,0.171760391198044,0.1631313792557105,0.1811739631922471
20,0.3270401948842874,0.31605145887406905,0.338440825972952
21,0.30362630608481866,0.29283890536137869,0.31488566817974573
22,0.07554179566563468,0.069684499922970808,0.082426851125922185
23,0.13308457711442787,0.12533330333507411,0.14172811651255157
24,0.24413443246670893,0.23399011136954073,0.25491317460991114
25,0.22520661157024793,0.21497444890464007,0.23617871390196932
26,0.1926605504587156,0.18295009543637186,0.2032190018565494
27,0.29956268221574345,0.28789087147100734,0.31180564004727485
28,0.028374233128834355,0.024600130983510906,0.033562508041067418
29,0.14214463840399003,0.13108116691576299,0.15495102730715959
30,0.0,0.0,0.0029489022613724005
