position,mute_freq,lo_err,hi_err
0,0.0,0.0,0.0053708793314815768
1,0.09887640449438202,0.086901998178147616,0.11436589355310167
2,0.15045871559633028,0.13688690525871153,0.16653318496776981
3,0.15584415584415584,0.14348052170157433,0.17014695660668044
4,0.1681643132220796,0.1560314382328653,0.18196097116233123
5,0.19133574007220217,0.17886318571715759,0.20525924944120133
6,0.051605504587155966,0.045325531030485838,0.059894634200362895
7,0.09513023782559456,0.086457522603644116,0.10559437704132402
8,0.20139697322467986,0.18884216460909334,0.21530977730309753
9,0.13317191283292978,0.12259496878046931,0.14548368098172348
10,0.20551378446115287,0.19240121460868098,0.22006777734022842
11,0.10625909752547306,0.095984345701520257,0.11877181341828724
12,0.14513556618819776,0.132623795280433,0.15985674784227721
13,0.10285714285714286,0.091476139474459359,0.1171897322872284
14,0.22511848341232227,0.20673824180318046,0.24603801797420666
15,0.0,0.0,0.0030470490960380907
