position,mute_freq,lo_err,hi_err
0,0.0,0.0,0.059208762757932437
1,0.04477611940298507,0.031498581635002618,0.084012453076429794
2,0.11392405063291139,0.088307525442994153,0.15826205912050217
3,0.1595744680851064,0.12993935627935535,0.20312818694100598
4,0.21875,0.18774664989903619,0.2582383284461206
5,0.1588235294117647,0.1355665709124802,0.18985703738496384
6,0.2559241706161137,0.22918497949290118,0.28715410994925894
7,0.024,0.017911663609513864,0.037497794718949873
8,0.05970149253731343,0.048711898972296108,0.077082792986011617
9,0.13503649635036497,0.11761569260027228,0.15763867684812427
10,0.18214285714285713,0.16204394731149149,0.20665803211128764
11,0.1893687707641196,0.16954090555539264,0.21321311384225716
12,0.1590909090909091,0.14107247133315931,0.18141781477016783
13,0.15902140672782875,0.14147768210449055,0.18062541370327079
14,0.17888563049853373,0.16064442559399777,0.20079433071934494
15,0.2668621700879765,0.24506264020203508,0.29132429134995896
16,0.11014492753623188,0.095989848917212336,0.12870159292249472
17,0.22318840579710145,0.2030889571652422,0.24641281189809427
18,0.3735294117647059,0.34894029846821484,0.39956710084392244
19,0.2344213649851632,0.21366139244637353,0.25825027394007161
20,0.24495677233429394,0.22408665688517401,0.26868956335590533
21,0.3727810650887574,0.34813635268711912,0.39889150218951419
22,0.12048192771084337,0.10538252357724599,0.14003304361967028
23,0.08588957055214724,0.073263022984775619,0.10346293367299464
24,0.2523961661341853,0.23022468979132013,0.2776470127973214
25,0.20344827586206896,0.18258965523668805,0.22828585856967298
26,0.33076923076923076,0.30389449333120439,0.36017472029840369
27,0.1630901287553648,0.14247347625091497,0.18932508629402323
28,0.29842931937172773,0.26856747057585478,0.33238458014617622
29,0.06358381502890173,0.050199372394160835,0.086748906110719948
30,0.0,0.0,0.010120772783859082
