position,mute_freq,lo_err,hi_err
0,0.0,0.0,0.010712912318169374
1,0.026717557251908396,0.020222627861024859,0.040243390268404733
2,0.05405405405405406,0.044095699881877691,0.069877412794228988
3,0.28703703703703703,0.26405485669921802,0.31257830823907629
4,0.28337874659400547,0.26181364528759354,0.30724336843005173
5,0.16783216783216784,0.1518837108260227,0.1867993353388836
6,0.20491803278688525,0.18843062278604839,0.22376401316544581
7,0.38257575757575757,0.36258258296462781,0.40343660144997395
8,0.20032840722495895,0.18560459747390509,0.21697293434449128
9,0.3401574803149606,0.32248444708433838,0.35881315333999508
10,0.22238805970149253,0.20766375289009023,0.23873010857349963
11,0.21602288984263232,0.20176528097546909,0.23186685148620712
12,0.2877094972067039,0.27193736176042504,0.3046394276278912
13,0.1554054054054054,0.14342682371142568,0.16920259491759782
14,0.14624505928853754,0.13474163950006141,0.15956881027935621
15,0.4037433155080214,0.38666081787905565,0.42132837023793179
16,0.14373464373464373,0.1326882602827959,0.15649067360091973
17,0.18032786885245902,0.16790849148692016,0.194321801639737
18,0.3760330578512397,0.35899624347260523,0.39373667119367373
19,0.29108635097493035,0.27526985690753414,0.30803905680870869
20,0.36350148367952523,0.34599601113554312,0.38179765798282506
21,0.4383561643835616,0.41873144558955711,0.45839283362986072
22,0.32945736434108525,0.31011617379566503,0.35008793821212092
23,0.18979591836734694,0.17389815483796858,0.20816305369217669
24,0.23024830699774265,0.21210436693973905,0.25076648733455809
25,0.34472934472934474,0.32110746495435666,0.37007422275191215
26,0.2282958199356913,0.20700243491083004,0.25298994637448469
27,0.2979591836734694,0.27137731355570383,0.32774615131764651
28,0.1650943396226415,0.14348331490206576,0.19283893782640926
29,0.01910828025477707,0.013505435840306538,0.036592161192104622
30,0.0,0.0,0.0121326024101988
