position,mute_freq,lo_err,hi_err
0,0.0,0.0,0.059208762757932437
1,0.030303030303030304,0.021588941113896015,0.092076455836593296
2,0.1794871794871795,0.13558010611741,0.2541803025461441
3,0.15555555555555556,0.117524423539952,0.22242994025879426
4,0.2553191489361702,0.20434791094592367,0.32593240956846148
5,0.3,0.24576811083327002,0.36935563560667162
6,0.23333333333333334,0.18936613251569767,0.29420281662427505
7,0.24615384615384617,0.20232307353232054,0.30486899497397224
8,0.4861111111111111,0.4302593382850472,0.54269987444515655
9,0.2826086956521739,0.24206322428860874,0.33223011402420888
10,0.23148148148148148,0.19716968095459012,0.27537014460226761
11,0.2571428571428571,0.22490759511380232,0.29608437318279168
12,0.23529411764705882,0.20692398094516928,0.2696972320778388
13,0.17222222222222222,0.14852559057455128,0.20297877120968222
14,0.15135135135135136,0.1294794051656421,0.18053193235169829
15,0.14207650273224043,0.1208477625034529,0.17088967107284225
16,0.0855614973262032,0.06987364620713031,0.10984686657080778
17,0.11049723756906077,0.091997603378878468,0.13734151919080717
18,0.22727272727272727,0.19978993472912954,0.26076154675362428
19,0.3374233128834356,0.30370681113277032,0.37500235680738614
20,0.2847222222222222,0.25140285140633251,0.32382303078371721
21,0.35555555555555557,0.31801926213683523,0.39722614637019371
22,0.2283464566929134,0.19656353571457075,0.2683884014876543
23,0.29464285714285715,0.25676673857261734,0.33958521563738731
24,0.17647058823529413,0.14607377553922871,0.21907466987659574
25,0.24358974358974358,0.20317110673656677,0.29659280502965568
26,0.09375,0.069795834095152928,0.14190367212481103
27,0.2727272727272727,0.2184257616483809,0.34646850016093156
28,0.21052631578947367,0.16135667176841889,0.28819609368098686
29,0.0,0.0,0.044743618309464502
