position,mute_freq,lo_err,hi_err
0,0.0,0.0,0.011743535397495574
1,0.17777777777777778,0.15056923756648735,0.21421033875575179
2,0.22674418604651161,0.19901057123515162,0.2606340006907798
3,0.2857142857142857,0.25846044453683953,0.31668368857921658
4,0.2767527675276753,0.25212623018225327,0.30458325477457882
5,0.2932098765432099,0.27003901339255898,0.31886565008163192
6,0.28846153846153844,0.26799965499675316,0.3109055980163411
7,0.23892100192678228,0.22181111883574978,0.25799342631349031
8,0.35911602209944754,0.33973707328976771,0.37950732609153615
9,0.24262295081967214,0.22666948384026456,0.26022333732020075
10,0.17012448132780084,0.15749594553755444,0.18453476993212903
11,0.12942612942612944,0.118954014597505,0.14166573440520169
12,0.21040723981900453,0.19778951018780919,0.22430481289292681
13,0.18100890207715134,0.16991160690916834,0.19333918664622662
14,0.09739714525608732,0.089736142572989064,0.10637951801873136
15,0.08254716981132075,0.075711835110562828,0.090665498208809647
16,0.174079754601227,0.16441006321634657,0.18472653567569752
17,0.022900763358778626,0.019576616429215814,0.027649025536069627
18,0.16523101018010963,0.15568845206314846,0.17579837889028704
19,0.10714285714285714,0.09931506737602562,0.1161895096665263
20,0.15091210613598674,0.1415036101491518,0.16145207373533021
21,0.2502472799208704,0.23755799164340033,0.26390192047649164
22,0.22994652406417113,0.21720377466894703,0.24381778222738948
23,0.2169811320754717,0.20394531073761216,0.23132073222811589
24,0.17838541666666666,0.16583969437659493,0.19256671263448277
25,0.19530102790014683,0.18148247981675,0.21086656938127579
26,0.1849912739965096,0.17037452264108061,0.20175352021907189
27,0.22008547008547008,0.20273949771734842,0.23976402380154749
28,0.35240963855421686,0.32797624201168957,0.378574037238398
29,0.08558558558558559,0.070893739823223417,0.10752938246046029
30,0.0,0.0,0.010507981036556844
