position,mute_freq,lo_err,hi_err
0,0.0,0.0,0.0052427268115350393
1,0.17350157728706625,0.15493081786112292,0.19608211572209666
2,0.10602409638554217,0.093212971778742174,0.12253616882591245
3,0.13473684210526315,0.12106364660959952,0.15140930005925579
4,0.18878504672897195,0.17355661154759267,0.20628319917081384
5,0.08791208791208792,0.077622316516369902,0.10114716472350893
6,0.05663716814159292,0.048696736372972629,0.067640471334874053
7,0.028419182948490232,0.023164208472989809,0.036944315821792362
8,0.05156537753222836,0.043921007017993223,0.062432873992693594
9,0.05454545454545454,0.046345340661245779,0.066256659942278473
10,0.0,0.0,0.003343824633808481
