position,mute_freq,lo_err,hi_err
0,0.0,0.0,0.0072491751235567699
1,0.08823529411764706,0.073678778643210957,0.10951634558919643
2,0.191044776119403,0.17207203538645488,0.21360898216678315
3,0.27205882352941174,0.25186678956196945,0.29442843955123887
4,0.0,0.0,0.0022395543428743222
5,0.188911704312115,0.17300286096091569,0.20731215976904427
6,0.21443298969072164,0.19756459663145087,0.2335979605659696
7,0.1384297520661157,0.12468586680020921,0.15508755588356404
8,0.11464968152866242,0.10201474409280449,0.13047566763515173
9,0.16129032258064516,0.1462053026128782,0.17921609700454511
10,0.12276785714285714,0.1093847823881654,0.13943448152289128
11,0.2731829573934837,0.2527444454776902,0.29583697309845747
12,0.16857142857142857,0.15105377379757956,0.18977755437738952
13,0.19444444444444445,0.17502227689149394,0.21753849288941951
14,0.019801980198019802,0.014780980721419083,0.030998021711358903
15,0.2843601895734597,0.25639670934569725,0.31629117166319587
16,0.0,0.0,0.0066361392207869956
