position,mute_freq,lo_err,hi_err
0,0.0,0.0,0.019089345788230874
1,0.18181818181818182,0.15493808030838266,0.21730318523581971
2,0.1440677966101695,0.12485023037755458,0.16914614424470331
3,0.19463087248322147,0.17445201449290165,0.21879767161739205
4,0.1791907514450867,0.1610538763743285,0.20093895393184358
5,0.15217391304347827,0.13743770295242158,0.16985894538757196
6,0.13988657844990549,0.12661257865104697,0.15581668168133123
7,0.13297872340425532,0.12040291481492404,0.14809412322652571
8,0.0624,0.054356929270049779,0.073176622355746512
9,0.15765069551777433,0.14481984332950154,0.17254731184779171
10,0.07583547557840617,0.067689915354634006,0.086110635538122482
11,0.09600997506234414,0.086911046211752302,0.10707658672228404
12,0.34558823529411764,0.32986889385757096,0.36204672720113396
13,0.08413461538461539,0.075778632300898111,0.094443264078985623
14,0.21151586368977673,0.19864001876276363,0.22571599036814116
15,0.20843091334894615,0.19565594278793022,0.22253963577108948
16,0.17749419953596288,0.16563566670815683,0.19081434847035794
17,0.16930022573363432,0.1578402398930828,0.18221844844035173
18,0.0,0.0,0.0012350210846700548
19,0.19471153846153846,0.18215052161570991,0.20870591902238878
20,0.14010282776349614,0.12896096037552884,0.15305151175360521
21,0.18290854572713644,0.16935742266463938,0.19831578239556769
22,0.40414507772020725,0.3847703889469028,0.42416585690070518
23,0.20166320166320167,0.18518304933873109,0.22056252018620459
24,0.22969187675070027,0.20965590976823445,0.25267730363787977
25,0.19661016949152543,0.17624183078062017,0.22098065028568303
26,0.1608695652173913,0.14028293938761868,0.18718475312885952
27,0.0,0.0,0.010609457170720021
