position,mute_freq,lo_err,hi_err
0,0.0,0.0,0.006258120388068911
1,0.24919093851132687,0.22700712895451386,0.27453413457354503
2,0.20194647201946472,0.18421468109185704,0.22250501837118497
3,0.25542570951585974,0.23900077098930603,0.27344429584477703
4,0.2656875834445928,0.25069765148668816,0.28189924687498569
5,0.17991169977924945,0.1682571693316311,0.19294657303326035
6,0.16203703703703703,0.15179989287498255,0.1734971833358373
7,0.1408987052551409,0.1321415031549992,0.1507251113769531
8,0.21443888491779842,0.2042247972727258,0.22545100161719644
9,0.21858248957712925,0.20915482775674626,0.22866558417800609
10,0.2447163515016685,0.2351881848615309,0.25479977009519073
11,0.30349794238683125,0.2936114159689715,0.31377979732613748
12,0.2436247723132969,0.23499321278744878,0.25271297539550774
13,0.28015873015873016,0.2716772679903402,0.28898145297437927
14,0.2977358490566038,0.28929421557368012,0.30647606561572616
15,0.2057142857142857,0.19853039317062901,0.21330934741213237
16,0.2474437627811861,0.23990639010845333,0.25531789413619865
17,0.18290009395552773,0.17647603767668102,0.18971269460539464
18,0.0865528601377658,0.082084946290067559,0.091505240769825025
19,0.10133729569093611,0.096534315339597027,0.10660380922974633
20,0.09055236945366738,0.08596835223869892,0.095619929629138789
21,0.15049443757725586,0.14462447183682109,0.15678696825509542
22,0.20696517412935322,0.20001814182441427,0.21429244888948096
23,0.31969860064585576,0.31128144518539724,0.3283688421557176
24,0.2067578439259855,0.19913170337899355,0.21484540867221646
25,0.23485183547103053,0.22645843576171426,0.24370393849105576
26,0.32215096201282684,0.31228527653140531,0.33235981084622612
27,0.17901568415359653,0.17073037767777627,0.18797990995925906
28,0.17138009049773756,0.16307314953640178,0.18041391466311929
29,0.16774193548387098,0.15897944330900957,0.17734260713881889
30,0.22607879924953095,0.21419163614026476,0.23897019748616444
31,0.2553191489361702,0.2410043450361499,0.27083008665995301
32,0.23859649122807017,0.22223504123714366,0.2567476479190316
33,0.16989247311827957,0.15442763441120949,0.18812590507972871
34,0.32558139534883723,0.30064893355934824,0.35276897622663816
35,0.12037037037037036,0.10228503703487959,0.1452812037661998
36,0.0,0.0,0.010028388802410165
