position,mute_freq,lo_err,hi_err
0,0.0,0.0,0.1149118479285397
1,0.0,0.0,0.048710572159066781
2,0.3181818181818182,0.2403540894787124,0.42594624871913445
3,0.13793103448275862,0.098255285588280214,0.22370189130508966
4,0.5454545454545454,0.46141756872975992,0.6243747899571539
5,0.15151515151515152,0.11041404194207072,0.23187283669253789
6,0.34285714285714286,0.27540605163391291,0.42703701231410163
7,0.2,0.15105745396479858,0.28089025072788043
8,0.1282051282051282,0.093545185457039909,0.19858905297342255
9,0.1951219512195122,0.14953188079511001,0.26862485093669031
10,0.40476190476190477,0.33733024286082902,0.48071065168257832
11,0.48936170212765956,0.42068271615555575,0.55889452339498713
12,0.38,0.31929973202772965,0.44977382518222986
13,0.17647058823529413,0.13689407198689738,0.24005546729709182
14,0.21428571428571427,0.17125545577519327,0.27668044073279907
15,0.32727272727272727,0.27289886593168655,0.39355731316386644
16,0.2777777777777778,0.22732179062286337,0.34383319990003114
17,0.33962264150943394,0.28339005705602677,0.40731802072760637
18,0.17647058823529413,0.13689407198689738,0.24005546729709182
19,0.3404255319148936,0.28112234357758992,0.41253715436798755
20,0.40425531914893614,0.34018599963193641,0.47600933796383416
21,0.3181818181818182,0.25920861953611213,0.39270570301100005
22,0.18604651162790697,0.14256811045710613,0.25698544993964656
23,0.23255813953488372,0.18259047188039457,0.30591443412010344
24,0.18421052631578946,0.139143802930461,0.26037169218753464
25,0.48484848484848486,0.40394449823551876,0.56745803824196717
26,0.09375,0.0653787903547699,0.16927117236581568
27,0.03225806451612903,0.022944236356209447,0.097630543403859349
28,0.10526315789473684,0.071153809865713763,0.21385091845817583
29,0.11764705882352941,0.079208465339012255,0.23589401304024982
30,0.0,0.0,0.16731682234439568
