position,mute_freq,lo_err,hi_err
0,0.0,0.0,0.00068171184208726081
1,0.25264309150565073,0.24479470558076169,0.26084425491564311
2,0.11803100353549088,0.11308554025410424,0.12338292145483876
3,0.10219756774055899,0.098082092047487274,0.10664516330453744
4,0.12831188493565482,0.12399806291835107,0.13290097433115267
5,0.13769548804601833,0.13335311114604309,0.14229273002050824
6,0.2160574412532637,0.21106231954766327,0.22123389238749447
7,0.1231511754631792,0.11929882047528249,0.12723314185250201
8,0.17296729672967295,0.1685817585593973,0.17754483128690735
9,0.07175925925925926,0.068876144127355238,0.07488484538788176
10,0.06672146869434169,0.064010785328230402,0.069664471450986643
11,0.08660351826792964,0.083547051858200647,0.089878913775296998
12,0.22580645161290322,0.22120819394106381,0.23054774989882243
13,0.15873015873015872,0.15476864861522963,0.16286687673555234
14,0.2678315295344895,0.26299920629003892,0.27278233293119247
15,0.1795271499090673,0.17537685777544773,0.18384037000695919
16,0.15217958757504568,0.14829842774837582,0.15623840967688329
17,0.17690385374194398,0.17275335724531199,0.1812206638876056
18,0.09832999331997327,0.095104808923587386,0.10176519707715126
19,0.0854957661841027,0.082444407755289981,0.08876867858819748
20,0.15096208262591965,0.14693885930259565,0.15517856957854326
21,0.14048946716232963,0.13641424722908041,0.1447826147442518
22,0.14536655314572505,0.14092543730780718,0.15005642243384443
23,0.1880597014925373,0.18266999593562547,0.19370967318659937
24,0.10654775874207932,0.1021545111681319,0.11130232190695832
25,0.1874129768866611,0.18128347022530891,0.1938830682407725
26,0.22327790973871733,0.21547749756291529,0.23150686048894042
27,0.11921529175050302,0.11255601875771634,0.12662371353753188
28,0.19937451133698203,0.18902829194250673,0.21063957647334852
29,0.18783783783783783,0.17477381505786035,0.20254928529031002
30,0.0,0.0,0.002135095427699461
