position,mute_freq,lo_err,hi_err
0,0.0,0.0,0.0026123254682218059
1,0.3471502590673575,0.32855334536093767,0.3667774289706065
2,0.07272727272727272,0.064964810917794782,0.082512988186295377
3,0.12807377049180327,0.11846327235637209,0.13917335689083787
4,0.25422138836772984,0.24177697458628428,0.26756685925572454
5,0.2145748987854251,0.20372856324219224,0.22632465586092954
6,0.21526277897768178,0.20499748179825045,0.2263295242341361
7,0.2117414248021108,0.20196445587679088,0.22226186198373765
8,0.1948807446189645,0.18598630410756586,0.20446930285239429
9,0.15673981191222572,0.14905044174405652,0.1651305859409361
10,0.15889287544848796,0.15122716813502668,0.16724238021922067
11,0.02875882946518668,0.025574664653972731,0.032873013803258244
12,0.0,0.0,0.00055274717326129997
13,0.12347641759406465,0.11653707227283039,0.1311961401395092
14,0.19217877094972066,0.18350643368543665,0.20152362413169567
15,0.15773809523809523,0.1495324300455261,0.1667404350536511
16,0.07743496672716274,0.071566023370795734,0.084303586740588132
17,0.11196417146513116,0.10472853964586702,0.12017057463727776
18,0.13905775075987842,0.13036341685992664,0.14882432398443057
19,0.14494074749316319,0.13528718345190871,0.15585930785788205
20,0.1095066185318893,0.099931065652418577,0.12091785595922233
21,0.3763440860215054,0.35274989383508093,0.40123335522990367
22,0.0,0.0,0.0042165173026087067
