position,mute_freq,lo_err,hi_err
0,0.0,0.0,0.0057353863116222327
1,0.11387900355871886,0.098156925450376034,0.13494732077375804
2,0.16158536585365854,0.14392516603066369,0.1832630863547654
3,0.38242894056847543,0.35917768767032715,0.40686403191376797
4,0.19714964370546317,0.17980336476045408,0.21730023583390601
5,0.2841409691629956,0.26462151051264665,0.30551444712096876
6,0.2529411764705882,0.23528472539528641,0.27248743292850219
7,0.18246869409660108,0.16777597659832824,0.19937808481234398
8,0.23267326732673269,0.21694146825130253,0.25012691474686877
9,0.24592833876221498,0.22993736504555223,0.2635345190636561
10,0.15813953488372093,0.14527156711906539,0.17307669570724737
11,0.2703125,0.25404619576583581,0.28797982989103155
12,0.11464968152866242,0.10352957776627002,0.12816525085348218
13,0.24092409240924093,0.22496632375141704,0.25855056284077904
14,0.12601626016260162,0.11300419339993376,0.14199348611691642
15,0.17548746518105848,0.15782760331330548,0.19666870964654826
16,0.12589928057553956,0.10922138231783021,0.14781241187702521
17,0.0,0.0,0.0052178266920935527
