position,mute_freq,lo_err,hi_err
0,0.0,0.0,0.062580369495826182
1,0.42857142857142855,0.35358102460288349,0.5111652869126373
2,0.0975609756097561,0.069773020471199043,0.16222096656343654
3,0.39215686274509803,0.33118158061671477,0.46113191907684936
4,0.27692307692307694,0.23030422259907068,0.33662154424548529
5,0.1267605633802817,0.098270504490485966,0.17533859209115055
6,0.10526315789473684,0.080644340093555186,0.14976344383016238
7,0.11458333333333333,0.090558144772422078,0.15404707283871666
8,0.14150943396226415,0.11515161286647278,0.18089279658741964
9,0.25663716814159293,0.2212388147883147,0.30033680480456382
10,0.2682926829268293,0.23347348033690973,0.31038201988328418
11,0.2773722627737226,0.24368534177163054,0.31733964303925288
12,0.23170731707317074,0.20308941536863495,0.26666129935325267
13,0.26842105263157895,0.23978505887026247,0.30178444220510814
14,0.26778242677824265,0.24203247605495001,0.29730803262944339
15,0.14705882352941177,0.13048104064364718,0.16767951068282239
16,0.3716577540106952,0.34820956178503126,0.39644295073520963
17,0.1343570057581574,0.12125702533334838,0.15019516062491656
18,0.12682926829268293,0.11501742563199796,0.1410097362954823
19,0.103125,0.092682703966717073,0.1159882990001101
20,0.2015267175572519,0.1872588283472261,0.21757365026698006
21,0.26307922272047835,0.24731673092451359,0.28022438227009461
22,0.25608011444921314,0.24080356120615234,0.2727192419760569
23,0.28328611898017,0.26749529251885656,0.30027556481393991
24,0.4028169014084507,0.38530033315131978,0.42086795247857711
25,0.5082872928176796,0.49031481739332972,0.52621506947729235
26,0.416551724137931,0.39908692645319049,0.43446599398986552
27,0.38873626373626374,0.37157859858091169,0.40649075873565643
28,0.20821917808219179,0.19446718646247532,0.22353206736015463
29,0.1172291296625222,0.10541912583915955,0.13169243255928598
30,0.26785714285714285,0.24865461696521984,0.28908015647145102
31,0.239247311827957,0.21924213250342128,0.26198349063882187
32,0.3003412969283277,0.27582372118675763,0.32751040679664112
33,0.13924050632911392,0.12040241521946922,0.16399403044640926
34,0.24581005586592178,0.21751965873194476,0.27960526783524664
35,0.12244897959183673,0.10112953381247956,0.15370571293654145
36,0.0,0.0,0.014351446815595118
