position,mute_freq,lo_err,hi_err
0,0.0,0.0,0.0039159279954125775
1,0.08123249299719888,0.072457559106937075,0.092297923030152274
2,0.2973621103117506,0.2825376041330005,0.31313573201770406
3,0.07580174927113703,0.068606270116127452,0.084608339256309062
4,0.22134733158355205,0.20994819033937093,0.23369933980013724
5,0.18145483613109512,0.17141192933675331,0.19249312352433501
6,0.05714285714285714,0.051802584200905374,0.063689818528084974
7,0.12981082844096542,0.12197519279768307,0.13859068459008772
8,0.10019646365422397,0.0932681669339087,0.10814853171511152
9,0.23171565276828435,0.22140574666609519,0.24274254590865385
10,0.08618331053351573,0.079627072914169789,0.093846270000061405
11,0.10013717421124829,0.09306080745896754,0.10828586473618684
12,0.3318216175359032,0.31955404932031711,0.34458613550508188
13,0.23643724696356275,0.22516216559180846,0.24854654934763309
14,0.1298932384341637,0.12083048278893041,0.14024298292821846
15,0.20431211498973306,0.19241031652394142,0.21740016237625281
16,0.25682382133995035,0.24253648448886012,0.27228963419053287
17,0.08199121522693997,0.072999480776157422,0.093372809078605234
18,0.0,0.0,0.0026437576279997824
