position,mute_freq,lo_err,hi_err
0,0.0,0.0,0.00080393164339848404
1,0.1398176291793313,0.13262150192308902,0.14772739010840186
2,0.15256855928930088,0.14599385968741363,0.15966821943236764
3,0.29125037844383894,0.28372776029207886,0.29902026371275392
4,0.23639274279615796,0.2298173919286583,0.24324328527118966
5,0.20506270320483047,0.1992447422099691,0.21114867970813678
6,0.21465216499076545,0.20907708481984102,0.22045638615587759
7,0.222022633375247,0.21673197298121014,0.22750869720336142
8,0.16494329553035356,0.1604158478306032,0.16968942438479717
9,0.11197663096397274,0.10821295068052536,0.11598674259040687
10,0.12325325796828387,0.1193836408581964,0.12735437000186689
11,0.08268330733229329,0.079481845257502876,0.08613955447898558
12,0.08386494476427571,0.080645709819808731,0.087337571451460816
13,0.18356506795813154,0.17898077423440575,0.18834282511547928
14,0.10528020732102365,0.10162580603963989,0.10918480589586921
15,0.07464955244046614,0.071484388331035278,0.07809584801014402
16,0.05707841776544067,0.054270647000123177,0.060186906779024496
17,0.06525735294117647,0.062172369868735991,0.068655074545162287
18,0.22949194547707558,0.22321957444160553,0.23602663483612396
19,0.17095873409866583,0.16474305536762279,0.17757383863293397
20,0.0,0.0,0.00049252991782350233
