position,mute_freq,lo_err,hi_err
0,0.0,0.0,0.015142682871030476
1,0.13636363636363635,0.10871802226543748,0.17987218757150158
2,0.24806201550387597,0.21519831184018537,0.28846803159181644
3,0.4311377245508982,0.39507346111297531,0.46879922942025343
4,0.29591836734693877,0.26651170294672211,0.32936465749898147
5,0.23636363636363636,0.21104018848189726,0.26634091632053469
6,0.32340425531914896,0.29544337021933331,0.35428488804338298
7,0.13099041533546327,0.114801406752331,0.15176910266024424
8,0.13230769230769232,0.11629639408293728,0.15272431108016671
9,0.16772151898734178,0.14943159656097468,0.19010506956623385
10,0.22077922077922077,0.19970824107999235,0.24537888279551112
11,0.28865979381443296,0.26443588689867215,0.31570955179629212
12,0.26296296296296295,0.23880818990659319,0.29053212641218262
13,0.14285714285714285,0.12246688846457743,0.17007599537578877
14,0.0,0.0,0.0059529296403199594
15,0.3111111111111111,0.27548464703651387,0.35214406219880734
16,0.0,0.0,0.011743535397495574
