position,mute_freq,lo_err,hi_err
0,0.0,0.0,0.00061083243631160421
1,0.2282574568288854,0.22123067395705959,0.23561804239931239
2,0.17435659633665662,0.16891523068042608,0.18009340115987182
3,0.12467442264281993,0.12059011644791046,0.12901377089360688
4,0.14901150781941574,0.14492821439165929,0.15329745789839822
5,0.20823529411764705,0.20381892324188233,0.21280092815794949
6,0.21114467942262505,0.20703161493022762,0.21538424207744911
7,0.13615870153291254,0.13290887266037632,0.13955120392371301
8,0.2672858617131063,0.26318202980507821,0.2714751442643053
9,0.09320010611017773,0.090625477850154512,0.095915524429729837
10,0.07417250543609567,0.071964091999888305,0.076515145608507029
11,0.18837078199242974,0.18502530080236912,0.19181449249172522
12,0.13529649052037113,0.13238180579218259,0.13832633839149244
13,0.1008477997577715,0.098292900704649105,0.10352884185653599
14,0.055595959595959595,0.053672885989083076,0.05765959132784515
15,0.032161373946856774,0.030698276773771481,0.033772814144385044
16,0.04228105906313646,0.040596090727708145,0.044111976623965488
17,0.06641303448846249,0.064291933821708072,0.068674492424654843
18,0.08990388704601514,0.087419655026370821,0.092524642470846907
19,0.09052885955943861,0.087926716435841407,0.093279960578288024
20,0.3257552793775892,0.32123268714790476,0.33034677797603906
21,0.13549050994740452,0.13203147319303529,0.13911266181185056
22,0.18403908794788273,0.17975558473411124,0.18849041805905742
23,0.2080441640378549,0.20320277181050697,0.2130657703404627
24,0.15731593662628146,0.15263180095193191,0.16225002868381244
25,0.13214285714285715,0.12740821264795663,0.1371988043822604
26,0.22287299630086313,0.21597210264706809,0.2301081189339087
27,0.09988109393579073,0.094413181673591265,0.10596938763185682
28,0.20684632192279678,0.19669086008195691,0.21783652583928104
29,0.16726403823178015,0.15555968530352185,0.18052132372660712
30,0.0,0.0,0.0030555237177354857
