position,mute_freq,lo_err,hi_err
0,0.0,0.0,0.0018202522542396023
1,0.24726277372262773,0.23511248659804307,0.26031430817993928
2,0.15049226441631505,0.14179803250117975,0.16014746282256209
3,0.16683831101956745,0.1589887626207302,0.17535882068055986
4,0.13424657534246576,0.12752384339228198,0.1416225616861676
5,0.11913504691962465,0.11310657300456804,0.12577138092469575
6,0.07282608695652174,0.068339299950846866,0.077918372057973473
7,0.13242615333554597,0.12668977944112877,0.13863981160234706
8,0.11617312072892938,0.11082373572651787,0.12201117010739226
9,0.17334605597964375,0.16701808724188444,0.1800805105739639
10,0.24252696456086287,0.23540430801947296,0.24996005050330306
11,0.12586362270952237,0.12052072286190774,0.13164623822373867
12,0.10451306413301663,0.099641216499333218,0.10984434268929688
13,0.10248080330773775,0.097666401967588148,0.10775454298449738
14,0.07901907356948229,0.074724312968841661,0.083812504016110512
15,0.0765010667479427,0.072261164513296616,0.081245984049837072
16,0.1021875,0.097248551744765072,0.10761283002123301
17,0.1364503816793893,0.13075312934832309,0.14260003444285796
18,0.09352517985611511,0.088688769411595758,0.098881628599860827
19,0.06363636363636363,0.059585796439637767,0.068261748804170574
20,0.09979064898813678,0.094645000414429026,0.10548260004159571
21,0.1952591402169546,0.18781258148087782,0.20318463954489041
22,0.2400932400932401,0.23141005085634142,0.24925036100386389
23,0.18470982142857142,0.17618594288798198,0.19392176637374703
24,0.14486638537271448,0.13632272877242493,0.15438647820305429
25,0.16328331862312445,0.15323969774106652,0.17448851945891519
26,0.24067388688327315,0.22694552786273522,0.25562126202548796
27,0.1870286576168929,0.17330263548750124,0.20259769708671527
28,0.20398009950248755,0.18598541412711725,0.2248448317562971
29,0.15517241379310345,0.13504276789994674,0.18107706281633462
30,0.0,0.0,0.011262003335234911
