position,mute_freq,lo_err,hi_err
0,0.0,0.0,0.0037811516119295452
1,0.03147953830010493,0.026919552833829186,0.037960937694041297
2,0.05906148867313916,0.053252775622732472,0.066264838751529886
3,0.2692307692307692,0.25820369715158381,0.28088878233916703
4,0.19365609348914858,0.18497222653463519,0.20300664404458901
5,0.19782813975448538,0.18973407231303524,0.20648022805384425
6,0.138442521631644,0.13195058690151645,0.14551720160500892
7,0.06452775775054073,0.060316812205436783,0.069352853833158701
8,0.04779661016949153,0.044290214819418174,0.051902734305869891
9,0.18693107932379713,0.18033017504254031,0.19393017135462332
10,0.18041396354649367,0.17406875764669094,0.18714544020212243
11,0.12440758293838862,0.11912876443855333,0.13012168614181641
12,0.16652236652236652,0.16058774271089035,0.17283354329748335
13,0.10501260151218146,0.10026423594586159,0.11019374593991671
14,0.13034130610051062,0.12519526842599976,0.13587604908277884
15,0.19121171770972037,0.1851643896567759,0.19758080392555999
16,0.11685924369747899,0.11201856776695256,0.12209360209948161
17,0.20468297816364114,0.19850435285119797,0.21116560197597067
18,0.2877659574468085,0.28073515571971419,0.2950176128334534
19,0.24461206896551724,0.23792209527448285,0.25157123810214821
20,0.25336202259279184,0.24659223358014376,0.2603913646191176
21,0.29924135993256534,0.29192737235750649,0.30677605245212225
22,0.11530641882079581,0.11025769079348154,0.12079230837136012
23,0.14378506052553883,0.13815762313905064,0.14982398434333877
24,0.15198165738617753,0.14591845055576899,0.15849083784882256
25,0.22920734088246777,0.22138036524589089,0.23744794525926693
26,0.281207751239297,0.27217016634302205,0.29063100185010959
27,0.10650281618023553,0.10013985801529234,0.11365379842540835
28,0.2375533428165007,0.22694182845374131,0.24889464175669274
29,0.08215767634854772,0.07516925454084715,0.090501592567926337
30,0.0,0.0,0.0018923663311301842
