position,mute_freq,lo_err,hi_err
0,0.0,0.0,0.024659327290749398
1,0.06153846153846154,0.04417325748546834,0.10464377309324113
2,0.26881720430107525,0.22941396731033062,0.31777045127433257
3,0.3783783783783784,0.33631386205469649,0.4246647768092876
4,0.1165644171779141,0.096673726449770236,0.14556722100751773
5,0.20103092783505155,0.17621997205752665,0.23182054658604967
6,0.2073170731707317,0.1846550444358028,0.23460357444107294
7,0.22302158273381295,0.20084104477020256,0.24907782608475137
8,0.08163265306122448,0.068844611482677731,0.0999592895651924
9,0.07096774193548387,0.059431906575412814,0.087892059159120905
10,0.07911392405063292,0.066915276529606799,0.096498712221453231
11,0.22429906542056074,0.20347658607875868,0.24846540129665451
12,0.1526479750778816,0.13532011521090787,0.17418893266918389
13,0.15432098765432098,0.13696882822936804,0.1758273301861677
14,0.0,0.0,0.0034166182204256644
15,0.09349593495934959,0.078636799726746517,0.11477915848000453
16,0.0,0.0,0.0055054539016769106
