position,mute_freq,lo_err,hi_err
0,0.0,0.0,0.0015704569399825538
1,0.21052631578947367,0.19916220776376248,0.22291706521568255
2,0.1737660581473969,0.16466569619960192,0.18372886284141066
3,0.15561643835616437,0.14777563566846524,0.16419522526376928
4,0.16937799043062202,0.16174988447793179,0.17762483109450067
5,0.1595744680851064,0.15254904571126224,0.16716653906147727
6,0.015029325513196481,0.01310701138968666,0.017647233487665392
7,0.06237424547283702,0.058372214928110629,0.06695043853411875
8,0.1381623071763917,0.13228548378674324,0.14451384773696019
9,0.12173038229376258,0.11618436294491519,0.12777267822994376
10,0.1251257967125126,0.11950790487292123,0.13123567505533329
11,0.12183597705028687,0.11627075434838974,0.12790051739033903
12,0.10189982728842832,0.096727087288682345,0.10761054991453833
13,0.09385903698534542,0.088863286197595842,0.099409188186328046
14,0.06943954881917519,0.065114818622333426,0.074358024011843105
15,0.053919829726853497,0.050107919684738017,0.058350819793163144
16,0.07756132756132757,0.072940459271973443,0.082778389864723634
17,0.07781087118391661,0.07311376897847216,0.083122880780146513
18,0.11038712150249137,0.10474155462063624,0.11661687894743422
19,0.10122578094108343,0.095728681085374967,0.10733971112347107
20,0.13827571845064557,0.13175387167280034,0.14538688814547307
21,0.16650485436893203,0.15888066396635925,0.17476223792879353
22,0.1877504293073841,0.17906195023316895,0.19713787397725058
23,0.20126227208976158,0.19140196629501743,0.21194164392270443
24,0.15308641975308643,0.14364900788985596,0.16363993789590503
25,0.212253829321663,0.19978884148626164,0.22594883892298279
26,0.22102009273570325,0.20608986970371027,0.23763366580476286
27,0.2462962962962963,0.22929336444695744,0.26513240118860515
28,0.48091603053435117,0.45668916536143689,0.50533213318130965
29,0.0946372239747634,0.081144976407203223,0.11310840133958444
30,0.0,0.0,0.0069731047909383287
