position,mute_freq,lo_err,hi_err
0,0.0,0.0,0.0021560462341579587
1,0.05635062611806798,0.050430975142757149,0.063821382110567093
2,0.2459016393442623,0.2349042449027349,0.25763925602349802
3,0.09209100758396534,0.08600655500480972,0.099039656741581217
4,0.19061302681992337,0.18258762805993192,0.19921797312966649
5,0.13043478260869565,0.12392256157725191,0.13758186595182043
6,0.09471919530595138,0.089248132788500148,0.10085469900623911
7,0.04759933774834437,0.043766325474525011,0.052164865825282902
8,0.07978503513848698,0.074790249985609875,0.085459358401529517
9,0.14344770566349732,0.13684009302144659,0.15063189506331476
10,0.01322860686233981,0.011353632233248699,0.015890920698806488
11,0.06388763026733121,0.059230729715261471,0.06931747900271179
12,0.042401143401619816,0.038560779155708033,0.047094261850107344
13,0.14606741573033707,0.13853311812455996,0.15434232288567473
14,0.12538604076590487,0.11787289642169223,0.13380399126026576
15,0.0,0.0,0.00086877768561554073
