position,mute_freq,lo_err,hi_err
0,0.0,0.0,0.013810236184701457
1,0.21428571428571427,0.18957878662025804,0.24427446254400009
2,0.17131474103585656,0.15085091188191324,0.19686931470517477
3,0.35542168674698793,0.33092231946887452,0.38161672886940046
4,0.16105769230769232,0.14520482802162238,0.18008670535942128
5,0.38362068965517243,0.36231341669141615,0.40590607421621872
6,0.26217228464419473,0.24464904144002977,0.28143322584820385
7,0.34060402684563756,0.32237238246789252,0.35987949714181033
8,0.3972809667673716,0.37921057951638548,0.41595713581817417
9,0.4247104247104247,0.40776549197793749,0.44203380687088734
10,0.27523910733262485,0.26162989462283848,0.28978157561525397
11,0.21052631578947367,0.19951845678322647,0.22249467957198454
12,0.2448224852071006,0.23388275325632529,0.25650009205330682
13,0.09688346883468835,0.089961465359585324,0.10487335538474007
14,0.1307443365695793,0.12291105794285616,0.13951214728734485
15,0.09703843730308759,0.090339803776000593,0.10472996088235031
16,0.07466496490108487,0.068761738163252928,0.081629588698831745
17,0.14183474300585555,0.13367896728571177,0.15090169247041041
18,0.20333102012491325,0.19347826913990654,0.21398870820965132
19,0.3092155369383092,0.29716752121272888,0.32183158951579527
20,0.2270815811606392,0.21578043330911262,0.23927993402412506
21,0.3367252543940796,0.32312548217589354,0.35091531731116921
22,0.21413934426229508,0.20201285325281293,0.22741031111076415
23,0.2764976958525346,0.26232508273538135,0.29167622914688329
24,0.184,0.17113667249664105,0.19850882413753057
25,0.18166383701188454,0.1673512639260297,0.19808584746610636
26,0.15334773218142547,0.13859931272553602,0.17101604868056264
27,0.29376854599406527,0.27100706858511342,0.31891311939768729
28,0.18352059925093633,0.16291643377153786,0.20873458221920538
29,0.0,0.0,0.0069731047909383287
