position,mute_freq,lo_err,hi_err
0,0.0,0.0,0.0010839257393673882
1,0.13570487483530963,0.12766745938019353,0.14468064672123382
2,0.2020398251578436,0.19376342806806671,0.21088221882114089
3,0.322592873388931,0.31392203301370597,0.33152679314627076
4,0.22061244649324993,0.21351409228347154,0.22807070947589647
5,0.18062593144560357,0.17438688156562837,0.18723742626582918
6,0.19478876802428535,0.18884631074273017,0.20103333344759322
7,0.16175176056338028,0.15661270139275879,0.167182100449629
8,0.14291719209751996,0.13815502655972778,0.14797303272079598
9,0.1402451693330563,0.13554881467781049,0.14523401685522463
10,0.16707466340269278,0.16205296029500296,0.17236213288981983
11,0.0731213287421511,0.069704224605695822,0.076876789460978978
12,0.036220153783893164,0.033828884585411924,0.038978665548248137
13,0.27436527436527436,0.26827985135157129,0.2806314791196326
14,0.2096977329974811,0.20411143996582207,0.21552247739118346
15,0.07587253414264036,0.072278790765589407,0.079826056259802325
16,0.06823266219239374,0.064770801314890505,0.072072496244388939
17,0.06400373744452231,0.060581322830049883,0.067824671892465438
18,0.23152067730380985,0.22432922014943135,0.23905416408990621
19,0.1589975349219392,0.15210055837142514,0.16644254561574434
20,0.0,0.0,0.00070174234644409953
