position,mute_freq,lo_err,hi_err
0,0.0,0.0,0.0027986588013140874
1,0.30757097791798105,0.29045350737048076,0.32587327990840353
2,0.14551422319474835,0.13498393466504494,0.15755985274981121
3,0.10211524434719182,0.094763674117813626,0.11060145830076795
4,0.23943661971830985,0.22909024429746949,0.25046628580147645
5,0.10831837223219629,0.10141674724515763,0.11613662349523957
6,0.15116942384483742,0.14328034052102076,0.15983669347564644
7,0.15878378378378377,0.15076886135785073,0.16755005670901091
8,0.08028399781540142,0.074581493463668325,0.086882997563033748
9,0.16766142159522518,0.15959552946169989,0.17643253611833298
10,0.13215859030837004,0.1248640028126184,0.14024533709996756
11,0.2430908065425832,0.23352171353011,0.25322655852951981
12,0.14522821576763487,0.13733896120544165,0.15393984308971465
13,0.1001866832607343,0.093421134935396999,0.10792511524311466
14,0.09168865435356201,0.085036983745296488,0.099393465497500277
15,0.14946889226100152,0.14048542402822348,0.15949209044484658
16,0.17571297148114076,0.1651290415739953,0.18746286454390326
17,0.18480725623582767,0.17286330831427932,0.19814734644234078
18,0.2529118136439268,0.23657665535263375,0.27085165887366758
19,0.0,0.0,0.0034596554604827052
