position,mute_freq,lo_err,hi_err
0,0.0,0.0,0.14524860009284779
1,0.08333333333333333,0.056861575849325913,0.22836686463133316
2,0.16666666666666666,0.11480862793428583,0.28454872955610078
3,0.24,0.17801865438140771,0.34000422564044552
4,0.3076923076923077,0.23613388251382816,0.40635676419932809
5,0.15625,0.1138360924161082,0.2385325750595001
6,0.32558139534883723,0.26533251675260389,0.40108111448608585
7,0.22580645161290322,0.18320111355157603,0.28524630603079892
8,0.25806451612903225,0.21222990169730976,0.31875223346662851
9,0.32894736842105265,0.28166205491252794,0.38484294993992241
10,0.12087912087912088,0.095547403813133175,0.16221545774352542
11,0.125,0.099626829922468588,0.16539364529532841
12,0.17117117117117117,0.14229049475252556,0.21146883675061612
13,0.17355371900826447,0.14545496818331771,0.21206331631671516
14,0.10687022900763359,0.086332355588529891,0.13900352584328635
15,0.12408759124087591,0.10200180892844772,0.15678065765087568
16,0.10606060606060606,0.085676087874627133,0.13797758395724369
17,0.022900763358778626,0.016174560900847634,0.043722040170276033
18,0.21487603305785125,0.1834035321696891,0.25544093414416735
19,0.15966386554621848,0.13265817676983258,0.1977034898324932
20,0.3564356435643564,0.31345594086373346,0.40488390265289842
21,0.2087912087912088,0.17385834547640278,0.25601408559625172
22,0.1566265060240964,0.12588441667852657,0.20323011053482687
23,0.18055555555555555,0.14523398601549015,0.23283282235650504
24,0.23636363636363636,0.19051478660962226,0.30039443827190315
25,0.22641509433962265,0.18102483018613319,0.2913629048127927
26,0.12244897959183673,0.091081207428183791,0.18294728638698954
27,0.21052631578947367,0.16135667176841889,0.28819609368098686
28,0.13636363636363635,0.094406488009978418,0.23824935022947824
29,0.07692307692307693,0.052755513125932789,0.21336082036574311
30,0.0,0.0,0.1149118479285397
