position,mute_freq,lo_err,hi_err
0,0.0,0.0,0.0012766405498409407
1,0.2842377260981912,0.27180208334502154,0.2973997525119253
2,0.06375,0.058362469927098495,0.070203748074244232
3,0.16449511400651465,0.15649436712373996,0.17320818868692178
4,0.12784503631961258,0.12108643479878262,0.13530852846483332
5,0.18394495412844036,0.1762011660459071,0.19225581578077644
6,0.18973020017406442,0.18208211151167134,0.19790641810531262
7,0.0890295358649789,0.083705183408906564,0.095032204484573279
8,0.1021097046413502,0.096417665087371401,0.10845846787480296
9,0.3333333333333333,0.32415200284449469,0.34278698753994863
10,0.27808161548169963,0.26937606929893138,0.28715235549494433
11,0.132213608957795,0.12572138532096686,0.13932540368296609
12,0.18834688346883469,0.18058389301946834,0.19666046878943311
13,0.09153952843273232,0.085905680077933325,0.097912017356583503
14,0.06180589087397392,0.057092268454941079,0.0673471128421812
15,0.10599793174767322,0.099620350946053163,0.1131722926548544
16,0.17293233082706766,0.16380395342576309,0.18293480007887375
17,0.21730950141110067,0.20559607384972042,0.23006223506278689
18,0.16265912305516267,0.15016089642286473,0.17702056454192927
19,0.0,0.0,0.0024824617472450363
