position,mute_freq,lo_err,hi_err
0,0.0,0.0,0.00585770835761182
1,0.17391304347826086,0.15601242450401584,0.19549500125494079
2,0.2076749435665914,0.19032912042710143,0.22759370944406787
3,0.10546139359698682,0.09398725106744521,0.11983473041109338
4,0.16666666666666666,0.15309260897582955,0.18238776833344927
5,0.18523878437047755,0.17183306682750524,0.20042314188502885
6,0.22608695652173913,0.21249616854205319,0.24100682901467185
7,0.12696629213483146,0.11698043648039989,0.13858970960560901
8,0.31401475237091675,0.2998342391224314,0.32896101585356763
9,0.11688311688311688,0.10779825375822102,0.12746363874156985
10,0.07867132867132867,0.071675463037376083,0.087106777017794235
11,0.24562937062937062,0.23375732343201022,0.25837048932358164
12,0.19754170324846357,0.18664999311781463,0.20947131547144415
13,0.13896218117854,0.12965455739401957,0.14951092084824091
14,0.06079295154185022,0.054666617803223037,0.06843187791098182
15,0.053003533568904596,0.047308999682733104,0.060241587500109439
16,0.04808548530721282,0.042668656332544116,0.055075327390427642
17,0.08220415537488708,0.074940164496945183,0.09094329215336594
18,0.09176915799432356,0.083919764048506859,0.10112798420518276
19,0.1,0.091591268655157473,0.1099718781738156
20,0.2841726618705036,0.26958169085504624,0.29977452650446701
21,0.16620498614958448,0.15370332019747923,0.18051206916551044
22,0.19423368740515934,0.18023510327538184,0.21004375605302716
23,0.22628951747088186,0.21067776345389599,0.24367886449136156
24,0.13555992141453832,0.12226302969303965,0.15165010023464998
25,0.18266978922716628,0.16603256963218124,0.20220430280261381
26,0.23283582089552238,0.21208001742445753,0.25669722010993923
27,0.14410480349344978,0.12463650002624548,0.16961106203434895
28,0.20359281437125748,0.17693519289727924,0.23712622118867821
29,0.1746031746031746,0.14687682197706681,0.21230072230480335
30,0.0,0.0,0.020139115525975571
