position,mute_freq,lo_err,hi_err
0,0.0,0.0,0.0032838546653882212
1,0.2291296625222025,0.21294627187513451,0.24719056552247243
2,0.14583333333333334,0.13597811355083483,0.15699927959718873
3,0.10597609561752988,0.098176168447460271,0.11500337014122586
4,0.2878448918717375,0.27619930277711929,0.30010897519018709
5,0.32860184528034064,0.31674099929645344,0.34093828119614489
6,0.11642949547218628,0.10901835903946699,0.12481077047725408
7,0.10011990407673861,0.093472822264252506,0.10770448344895478
8,0.330848623853211,0.32014352281064762,0.34193301439098556
9,0.09174311926605505,0.08550744077228524,0.098894268999012103
10,0.14220445459737294,0.13452752870450743,0.15068047860356637
11,0.2645939086294416,0.25414050094652002,0.27563137696056805
12,0.11614550095724314,0.10878965387219351,0.12445920842539226
13,0.07647440051847051,0.070455887313387658,0.083566214580994336
14,0.11784975878704342,0.11017094388336365,0.1265583263858614
15,0.1957379636937648,0.18542548652658092,0.20698919776520375
16,0.02643171806167401,0.022598280247466556,0.03189633963101024
17,0.0,0.0,0.0013164136879887985
