position,mute_freq,lo_err,hi_err
0,0.0,0.0,0.0041685205344446623
1,0.08061420345489444,0.073224850201892247,0.089576539656332499
2,0.10368144252441773,0.09617221855485833,0.11235476401546396
3,0.21213979153893317,0.20269363269037535,0.22227609862114328
4,0.20349386213408877,0.19530572606149432,0.21222955588158399
5,0.17713178294573642,0.17010523626459073,0.1846478749531919
6,0.17116812964213368,0.16468996550329834,0.1780806181797755
7,0.06882230792049837,0.064850853278012446,0.07329421557797644
8,0.08218040951853901,0.077984424295575533,0.086828748775941378
9,0.14011360562618339,0.13478068593681766,0.14582740986927278
10,0.21518338035393691,0.20895996504155073,0.22169261903440951
11,0.21186844613918018,0.20590044506503277,0.21810513927971897
12,0.17079889807162535,0.16543046498132125,0.17646305101460802
13,0.24406047516198703,0.23806245212481472,0.25027480610387998
14,0.2329896907216495,0.22722558158115339,0.2389692317143941
15,0.19293257514216083,0.18761459543951561,0.19849458433488931
16,0.26262825572217835,0.25674046188229754,0.26869933268459789
17,0.17559640203363316,0.17057343190334187,0.18086760408325397
18,0.08653846153846154,0.082885577411204586,0.090508844444279535
19,0.14968279143536875,0.14495875194280067,0.15467861107440395
20,0.26303127506014434,0.25709407186027666,0.26915438375565059
21,0.22285473329116592,0.21712364909615398,0.22881446925391813
22,0.09988998899889989,0.095758062487646248,0.10436639482451049
23,0.08450704225352113,0.080663635172313244,0.088713929957134674
24,0.16822890971879625,0.16270530335659036,0.17407273649679278
25,0.18791732909379968,0.18137284011132587,0.19485004767876579
26,0.25313384553174284,0.24487236028202877,0.26178582058780475
27,0.23481368044920878,0.22581562853819073,0.24434116240392745
28,0.21292217327459617,0.20260565279441345,0.22406272792759241
29,0.17743979721166034,0.16508098471656388,0.19139542877539206
30,0.0,0.0,0.002989017938927533
