position,mute_freq,lo_err,hi_err
0,0.0,0.0,0.014166390892490057
1,0.14,0.11322030100770226,0.18063154859926878
2,0.112,0.090491350594557207,0.14549430786925566
3,0.23076923076923078,0.20043037799637617,0.26838871073033155
4,0.27044025157232704,0.23929103150097428,0.30717928520592253
5,0.14285714285714285,0.12151608221975642,0.17180726585549166
6,0.18,0.15683284824292665,0.20937621223247127
7,0.08450704225352113,0.069690731259441835,0.10689900100116545
8,0.06976744186046512,0.056632366084573421,0.090675208152990128
9,0.06976744186046512,0.056632366084573421,0.090675208152990128
10,0.09302325581395349,0.077394115380370693,0.11600399612414947
11,0.18807339449541285,0.16526462504312706,0.21643876127434691
12,0.23529411764705882,0.21007448905256765,0.26516548430118414
13,0.19909502262443438,0.17578066762863973,0.22769739125161903
14,0.0,0.0,0.0049364793410797301
15,0.0,0.0,0.0049364793410797301
16,0.0,0.0,0.0049364793410797301
17,0.00904977375565611,0.0063179352494826188,0.020433552120267873
18,0.0,0.0,0.0049364793410797301
19,0.004524886877828055,0.0032950183789509173,0.01449973889618239
20,0.0,0.0,0.0049364793410797301
21,0.08144796380090498,0.067160241529000228,0.10309308445948617
22,0.0,0.0,0.0049364793410797301
23,0.004524886877828055,0.0032950183789509173,0.01449973889618239
24,0.0,0.0,0.0049364793410797301
25,0.022727272727272728,0.016689216721294399,0.037201276109682935
