position,mute_freq,lo_err,hi_err
0,0.0,0.0,0.0022814108495184545
1,0.05621621621621622,0.04979581711929152,0.064511350320399119
2,0.17934272300469484,0.16855899293698287,0.19130314165280848
3,0.12702472293265132,0.11823458701397026,0.13705772533765581
4,0.13081166272655634,0.1222187152675861,0.14054191377239722
5,0.19725818735719725,0.18708661774225391,0.20833114239692241
6,0.11069558713537771,0.10295703914019713,0.11957250074864867
7,0.09212481426448738,0.085081878260281948,0.10035246755124816
8,0.08499630450849963,0.078250728401224587,0.09294108154545766
9,0.09271523178807947,0.085680777509843251,0.10092138563005737
10,0.07106227106227106,0.064935622690034056,0.078417518913004525
11,0.07613469985358712,0.069787098169894576,0.083695477450447475
12,0.06268221574344024,0.056959278316165658,0.06965138682646721
13,0.0,0.0,0.00079983457831572628
14,0.09766763848396501,0.090479221909362695,0.10600254989556468
15,0.15816326530612246,0.14911879370367576,0.16818181894551165
16,0.0,0.0,0.00079983457831572628
17,0.0,0.0,0.00079983457831572628
18,0.0,0.0,0.00079983457831572628
19,0.004373177842565598,0.0032662867077084194,0.0068941121183404563
20,0.007288629737609329,0.0057001592310800819,0.01028216900061929
21,0.013888888888888888,0.011474196625128937,0.017693372847402133
22,0.00804093567251462,0.0063423213439080441,0.011146475246119447
23,0.10453216374269006,0.097087652730368484,0.11310689466008161
24,0.21783625730994152,0.20744573498360752,0.22903316004963603
25,0.0,0.0,0.00080217063000514489
26,0.0021929824561403508,0.0015548606458124208,0.0042569163022598833
27,0.06646058732612056,0.060401066198885127,0.07382994346640348
