position,mute_freq,lo_err,hi_err
0,0.0,0.0,0.1149118479285397
1,0.7,0.53605620419231703,0.79752312246668655
2,0.15384615384615385,0.10240194532304515,0.29703931948248741
3,0.5,0.38592955875557539,0.61407044124442445
4,0.42857142857142855,0.33471546773789929,0.53470250482795756
5,0.17391304347826086,0.12347114411503349,0.27590915294628482
6,0.10256410256410256,0.073314430504106812,0.1700121597552795
7,0.38636363636363635,0.32164035787941236,0.46080546905914688
8,0.18518518518518517,0.14522901821585951,0.24724537178876471
9,0.14285714285714285,0.11193619025993887,0.19326596815193653
10,0.5915492957746479,0.53338383152013724,0.64479002478488279
11,0.047619047619047616,0.034231777408439301,0.08168274170418377
12,0.07954545454545454,0.060152947587767118,0.11728704365186882
13,0.20224719101123595,0.16760126022915287,0.24973639127977187
14,0.02247191011235955,0.01561566523895592,0.049976853626372275
15,0.21348314606741572,0.17780412560837119,0.26152052627620404
16,0.2087912087912088,0.17385834547640278,0.25601408559625172
17,0.0,0.0,0.011870421909339521
18,0.0,0.0,0.011870421909339521
19,0.0,0.0,0.011870421909339521
20,0.0,0.0,0.011870421909339521
21,0.06593406593406594,0.049132789907049668,0.10106891039416066
22,0.0,0.0,0.011870421909339521
23,0.06593406593406594,0.049132789907049668,0.10106891039416066
24,0.10989010989010989,0.086054551567047083,0.15019525212798523
25,0.5604395604395604,0.50935528760329851,0.6089735130043985
26,0.01098901098901099,0.0079579252533607744,0.034740528590774922
27,0.05555555555555555,0.040710171397082058,0.089381330965693451
28,0.047619047619047616,0.034231777408439301,0.08168274170418377
