position,mute_freq,lo_err,hi_err
0,0.0,0.0,0.087485245239506071
1,0.2,0.13703425414536485,0.33298700688868055
2,0.06666666666666667,0.046098650072740686,0.18856233063921479
3,0.5333333333333333,0.41228781684943461,0.64660420411969499
4,0.7058823529411765,0.58180088283150355,0.78704200935839097
5,0.47058823529411764,0.36279137433859071,0.58451521226608549
6,0.11764705882352941,0.079208465339012255,0.23589401304024982
7,0.5,0.39682317496261632,0.60317682503738368
8,0.23809523809523808,0.17278399409170708,0.34843292130472292
9,0.4090909090909091,0.31925394598064544,0.51389427542628852
10,0.5217391304347826,0.42331818262925291,0.6167256529092946
11,0.4583333333333333,0.36688820994488452,0.55610588543661976
12,0.3076923076923077,0.23613388251382816,0.40635676419932809
13,0.07407407407407407,0.050584841121562044,0.15561607032638836
14,0.14285714285714285,0.10171663476558017,0.23099096030653821
15,0.1724137931034483,0.12550758281930324,0.26101395423262397
16,0.36666666666666664,0.29217367993485677,0.45758643772813068
17,0.03333333333333333,0.02368777109583672,0.10066649078112411
18,0.23333333333333334,0.17621558370547047,0.32331374154921277
19,0.26666666666666666,0.20451433107216593,0.35757093817439356
20,0.5666666666666667,0.47771853251234936,0.64740183899936965
21,0.13333333333333333,0.095021984522819625,0.21685755428126086
22,0.3333333333333333,0.26253243636515172,0.42466859251769418
23,0.03333333333333333,0.02368777109583672,0.10066649078112411
24,0.03333333333333333,0.02368777109583672,0.10066649078112411
25,0.3,0.23330165168293263,0.39134099640988262
26,0.1,0.069661764220458541,0.17968172646589131
27,0.16666666666666666,0.12135957563247692,0.25306531231033402
28,0.1,0.069661764220458541,0.17968172646589131
29,0.0,0.0,0.034818493879880667
30,0.0,0.0,0.034818493879880667
31,0.0,0.0,0.034818493879880667
32,0.03333333333333333,0.02368777109583672,0.10066649078112411
33,0.0,0.0,0.034818493879880667
34,0.0,0.0,0.034818493879880667
35,0.03333333333333333,0.02368777109583672,0.10066649078112411
36,0.4,0.32220130567273719,0.49011839824853831
37,0.3,0.23330165168293263,0.39134099640988262
38,0.06666666666666667,0.045638461544114772,0.14118765568655656
39,0.0,0.0,0.034818493879880667
40,0.07692307692307693,0.052480937726096431,0.16110287250722977
