position,mute_freq,lo_err,hi_err
0,0.0,0.0,0.013810236184701457
1,0.09,0.069748303333162606,0.12603190112471074
2,0.27358490566037735,0.23606060374831925,0.3193339409435122
3,0.24324324324324326,0.20848493831158829,0.28691516744980494
4,0.14049586776859505,0.1155642821935689,0.17689352449772178
5,0.23255813953488372,0.20070423615724248,0.27241861782663268
6,0.16030534351145037,0.13427125388175237,0.19635698625034859
7,0.09090909090909091,0.072391372412995897,0.12140388051030937
8,0.08888888888888889,0.070779113454368145,0.11877092200956485
9,0.05925925925925926,0.04540431992078791,0.085738668246206462
10,0.16296296296296298,0.13701205050855897,0.19856226514869768
11,0.11851851851851852,0.09690294425432204,0.15105620509599449
12,0.4264705882352941,0.38677355898978921,0.46825687001435679
13,0.15441176470588236,0.12930086228162319,0.18934421669386359
14,0.0,0.0,0.0079870008492373325
15,0.0,0.0,0.0079870008492373325
16,0.0,0.0,0.0079870008492373325
17,0.014705882352941176,0.010246512853370969,0.032992727450001591
18,0.014705882352941176,0.010246512853370969,0.032992727450001591
19,0.022058823529411766,0.015582329997344003,0.042142936430442868
20,0.16176470588235295,0.13599721536873621,0.1971446192038081
21,0.10294117647058823,0.083147879010385645,0.13402083317604807
22,0.4444444444444444,0.40415965791984959,0.48631931519002214
23,0.0,0.0,0.0081048459897668096
24,0.0,0.0,0.0081048459897668096
25,0.2032520325203252,0.17288212307147321,0.24293346747291111
