position,mute_freq,lo_err,hi_err
0,0.0,0.0,0.0017732438558882308
1,0.2199787460148778,0.20750170914882088,0.23361849994101624
2,0.18593314763231197,0.17642930121038766,0.19629210159239308
3,0.2514654161781946,0.24159171594303566,0.2619088102554441
4,0.2418831168831169,0.23252199321191233,0.25179047964963441
5,0.28923076923076924,0.27951257982958633,0.29937168697820127
6,0.0817490494296578,0.076353551560366495,0.087922088770990947
7,0.15948670944087992,0.15220866255942511,0.16737515582425755
8,0.15334207077326342,0.14635168899251311,0.16092484123246831
9,0.13942712721145745,0.13284518629201936,0.14660319133486743
10,0.10077204388459976,0.095215763789830335,0.10696290747381332
11,0.10855528652138821,0.10281596481253505,0.11491255289314384
12,0.18682634730538922,0.17953731180958324,0.19460443544692141
13,0.31558028616852146,0.30676293211412003,0.32468437030929453
14,0.5315175097276265,0.52197456647767115,0.54101247954120768
15,0.2701348747591522,0.26187762852369317,0.2787386361005959
16,0.07846153846153846,0.073672518368365553,0.083884812805097297
17,0.12192307692307693,0.11599782066091985,0.12841718604185071
18,0.0,0.0,0.00042212928291390615
19,0.0,0.0,0.00042212928291390615
20,0.0,0.0,0.00042212928291390615
21,0.002306805074971165,0.0017230737745259957,0.0036400021262530391
22,0.0030757400999615533,0.0023574202260491523,0.0045421533337696163
23,0.009611687812379853,0.0081068374342443961,0.011854316535684806
24,0.006151480199923107,0.0050105284574425927,0.0080355489339208885
25,0.09419454056132257,0.088955518556584567,0.10004390583831235
26,0.006535947712418301,0.0053502792593877442,0.0084641332515610346
27,0.0007689350249903883,0.00053837109482943158,0.0017526047217982788
28,0.0015384615384615385,0.0011114963470027317,0.0027167302677989502
29,0.1712127570289551,0.16401729577633292,0.1789479205986787
