position,mute_freq,lo_err,hi_err
0,0.0,0.0,0.00039739290298442166
1,0.07142857142857142,0.068043073197961226,0.075155357579847704
2,0.1873893021608218,0.18247364993683635,0.19252162966404329
3,0.13705583756345177,0.13291440831593995,0.141429845321555
4,0.10067212156633548,0.097266963233958295,0.10430562514315878
5,0.14125177809388337,0.13733285624523053,0.14537041377862803
6,0.09926781188397635,0.095944915715694745,0.10281153390126141
7,0.08666386201093816,0.083553328190927076,0.090001241489381156
8,0.05121029802714425,0.048809162847352261,0.053857187437558074
9,0.05899581589958159,0.056422877329589283,0.061809470182562554
10,0.04880422691879867,0.046467494643869955,0.051386485686545025
11,0.02989432703003337,0.028077124627386766,0.031967350032553465
12,0.10074937552039967,0.09742686620775079,0.10428871970359599
13,0.16477115117891816,0.16063547154850386,0.16908879335587401
14,0.04563106796116505,0.043375050954742665,0.048133721472396807
15,0.20263522884882107,0.19813642833888412,0.2072954390397731
16,0.0,0.0,0.0001523406746458071
17,0.0,0.0,0.0001523406746458071
18,0.0,0.0,0.0001523406746458071
19,0.002219140083217753,0.0018073259198678597,0.0029012867043518575
20,0.004161464835622139,0.0035547320060072868,0.0050374498688932068
21,0.015674850880843392,0.014387262600986992,0.017225385703345752
22,0.003606602857539187,0.0030498756945543555,0.0044328947799477936
23,0.062421972534332085,0.059783013752900599,0.06529848481281042
24,0.1308087113330559,0.12706662886705417,0.13475121934771839
25,0.0005549389567147614,0.00040097204912114626,0.0009805635437020177
26,0.0006937699458859442,0.0005102014832213277,0.0011488752209436459
27,0.03689674523007856,0.034861712230791896,0.039186048580704069
