position,mute_freq,lo_err,hi_err
0,0.0,0.0,0.30663872564936534
1,0.0,0.0,0.039872647077782701
2,0.07692307692307693,0.052480937726096431,0.16110287250722977
3,0.037037037037037035,0.026238701070850301,0.11102271136596253
4,0.8518518518518519,0.76123060848138069,0.89456892701016211
5,0.9259259259259259,0.84438392967361164,0.94941515887843797
6,0.8571428571428571,0.76900903969346179,0.89828336523441987
7,0.07142857142857142,0.048821025900590689,0.15049017763035244
8,0.8214285714285714,0.73052405974996593,0.87005032923939152
9,0.8571428571428571,0.76900903969346179,0.89828336523441987
10,0.35714285714285715,0.28153465131080679,0.45153329484970828
11,0.037037037037037035,0.026238701070850301,0.11102271136596253
12,0.037037037037037035,0.026238701070850301,0.11102271136596253
13,0.0,0.0,0.038476384513692813
14,0.07692307692307693,0.052480937726096431,0.16110287250722977
15,0.9230769230769231,0.83889712749277023,0.94751906227390359
16,0.0,0.0,0.039872647077782701
17,0.0,0.0,0.039872647077782701
18,0.0,0.0,0.039872647077782701
19,0.0,0.0,0.041374047028317776
