position,mute_freq,lo_err,hi_err
1,0.0,0.0,0.1972584382397693
2,1.0,0.8027415617602307,1.0
3,0.0,0.0,0.1972584382397693
4,0.25,0.15101699713285721,0.51726228967734733
5,0.0,0.0,0.16731682234439568
6,0.0,0.0,0.16731682234439568
7,0.0,0.0,0.16731682234439568
8,0.42857142857142855,0.28434480105032928,0.60457601167072195
9,0.375,0.2505028427848594,0.54945498205089671
10,0.75,0.56170494576520391,0.83833987465022497
11,0.875,0.68250589949505613,0.91741860186748103
12,0.0,0.0,0.1149118479285397
13,0.5,0.34698192227708463,0.65301807772291542
14,0.375,0.2505028427848594,0.54945498205089671
15,0.375,0.2505028427848594,0.54945498205089671
16,0.0,0.0,0.1149118479285397
17,0.25,0.16166012534977506,0.43829505423479609
18,0.0,0.0,0.1149118479285397
19,0.16666666666666666,0.10674671123801888,0.39395545796199716
20,0.3333333333333333,0.21055958117711987,0.5397287139893201
21,0.3333333333333333,0.21055958117711987,0.5397287139893201
22,0.8,0.55249311588333461,0.87493464103783392
23,0.25,0.15101699713285721,0.51726228967734733
24,0.0,0.0,0.42264973081037421
25,0.0,0.0,0.42264973081037421
26,0.0,0.0,0.42264973081037421
27,0.0,0.0,0.42264973081037421
28,1.0,0.57735026918962573,1.0
29,0.0,0.0,0.42264973081037421
