position,mute_freq,lo_err,hi_err
0,0.0,0.0,0.30663872564936534
1,0.3333333333333333,0.19068724246776722,0.6110853443922124
2,0.05555555555555555,0.038762864088810828,0.16054954663676912
3,0.6363636363636364,0.52967713950981132,0.72059937553686593
4,0.22727272727272727,0.16500896522938707,0.33445423596465562
5,0.7391304347826086,0.63390101806191113,0.80656943968189521
6,0.06896551724137931,0.047176110916833373,0.14569076891780519
7,0.6571428571428571,0.57296298768589837,0.72459394836608704
8,0.19444444444444445,0.1468654545305606,0.27370198767513099
9,0.24444444444444444,0.1938745167014935,0.31640715449847845
10,0.22,0.17435304148858546,0.2868234423179995
11,0.5357142857142857,0.47112950244896251,0.59787912282460665
12,0.4126984126984127,0.35621033162589943,0.4744627363100018
13,0.19402985074626866,0.15614621648010507,0.24933431867869049
14,0.14705882352941177,0.11523767839309088,0.19869041173784485
15,0.29411764705882354,0.24699321999790716,0.35279422600087273
16,0.391304347826087,0.33821417313067426,0.45040688972282195
17,0.6428571428571429,0.58423108486505959,0.69369119328122342
18,0.3333333333333333,0.28461189581455432,0.39089913065613457
19,0.3150684931506849,0.26786089282360637,0.37195858635919343
20,0.2328767123287671,0.19231293875810579,0.28742771801339106
21,0.04,0.028163158504705695,0.075335716003206432
22,0.0,0.0,0.014351446815595118
23,0.013333333333333334,0.0096363070345796796,0.041946935073831626
24,0.4666666666666667,0.41250059266504735,0.52253240466340301
25,0.20270270270270271,0.16533886902343356,0.25542920230421728
26,0.2972972972972973,0.2516286787744863,0.35343895700991013
27,0.013513513513513514,0.0097650270130997929,0.042497896247893352
28,0.031746031746031744,0.021990153143315865,0.069872899170577263
29,0.016129032258064516,0.011629107918356243,0.050449376248311695
30,0.64,0.53998629353516248,0.71954556580255824
31,0.0,0.0,0.059208762757932437
