position,mute_freq,lo_err,hi_err
0,0.0,0.0,0.00010079428578918417
1,0.14598947042427995,0.1433439541741558,0.14872081135027482
2,0.16831777937305575,0.16584481622592737,0.17085287580282582
3,0.2039570616712271,0.20145232313121064,0.2065105809478891
4,0.15729918352136057,0.15527177189009117,0.15937204139952965
5,0.15401556305975628,0.1521431391826476,0.15592775497802536
6,0.09768789228045706,0.096221427189074366,0.09919659744924425
7,0.0909820846088222,0.089608492924827032,0.09239584913606004
8,0.04259873959686342,0.041661951842159192,0.043578593852007019
9,0.07738976735298332,0.076146067894078018,0.078672979971135648
10,0.09630967373999003,0.09493714250478974,0.097719754524830171
11,0.14425139677974494,0.14261747430794172,0.14591814734799968
12,0.26317886693387715,0.26112724765335704,0.26525221481863193
13,0.10730609661767808,0.10587445465571008,0.10877376872352307
14,0.0,0.0,2.5750606935714963e-05
15,0.0,0.0,2.5750606935714963e-05
16,0.0,0.0,2.5750606935714963e-05
17,0.0028128076508368103,0.0025868873140605401,0.0030843497506842787
18,0.004500492241338897,0.0042091927729742329,0.0048372574014535763
19,0.01336083634147485,0.012845110903498907,0.01392121315020689
20,0.0027190473958089165,0.0024972773920639,0.0029864478774057623
21,0.07242979700904786,0.071235314082439175,0.073663510977250657
22,0.005930336130514275,0.0055929293042374702,0.0063130769635648676
23,0.0007032019127092026,0.0006005940179301556,0.00085163469354876398
24,0.002368279128660867,0.0021626775854747841,0.0026195598922601482
25,0.030308784088481713,0.02952244138803465,0.031138763815964143
