position,mute_freq,lo_err,hi_err
0,0.0,0.0,0.0013437869923932854
1,0.35853865760407816,0.34526027520809621,0.37228681644479944
2,0.15448188175460903,0.14609446844901433,0.1637281969961506
3,0.11030927835051546,0.10381748964403037,0.11758669202962468
4,0.07125777140124342,0.06620921353758219,0.077108331514433415
5,0.08681135225375626,0.081579616834590835,0.092717670498122184
6,0.09274525968672712,0.08737232406908485,0.098774872212236131
7,0.08116883116883117,0.076174293070107799,0.086828308055577841
8,0.1314516129032258,0.12517668970741114,0.13830786400757111
9,0.07008410092110533,0.065472977445339239,0.075368751598565376
10,0.05905826017557861,0.054840178514967454,0.06396466958251712
11,0.03263032232391564,0.029554292438089033,0.036433937663078564
12,0.02345924453280318,0.02089605319560173,0.026763738619456023
13,0.04908946951702296,0.045272009286738552,0.053605257710191978
14,0.07838479809976247,0.073533046304392946,0.083889491324934506
15,0.05529225908372828,0.051234763444765859,0.060036840135226921
16,0.10979462875197472,0.10408287185278363,0.11610924534500089
17,0.030805687203791468,0.027834619333487354,0.034501707676977467
18,0.0315955766192733,0.028583161782838686,0.035331721646043812
19,0.0,0.0,0.00043362577108224817
20,0.0,0.0,0.00043379699213378622
21,0.0,0.0,0.00043379699213378622
22,0.0019755037534571317,0.0014526683229531601,0.0032691979600889542
23,0.006716712761754247,0.0054982843205300062,0.0086979000567568576
24,0.009087317265902806,0.0076173548501790155,0.011316280335882389
25,0.005531410509679968,0.0044552246187877153,0.0073722630412478285
26,0.02805215329909127,0.025229362604448212,0.031604446748140003
27,0.108300395256917,0.1026236188368804,0.11458281825559224
28,0.00039541320680110717,0.00028896766917962155,0.0012781652801585608
29,0.00435471100554236,0.0034346046744391794,0.0060429333469599333
30,0.0753646677471637,0.070555530129581448,0.080846869182323533
