position,mute_freq,lo_err,hi_err
0,0.0,0.0,0.00078051420868591377
1,0.12078651685393259,0.11430976568969099,0.12795767379855483
2,0.1418157720344599,0.13590369384959899,0.14819217170217802
3,0.17121253038077236,0.16539755101026699,0.17737491629796232
4,0.17862595419847327,0.17329061356058342,0.18423557032766358
5,0.12018760992769201,0.11593435782107975,0.12473132337729909
6,0.12722692100053987,0.12303315361637759,0.13168320091199992
7,0.1550783912747103,0.15062177834365731,0.1597650331340732
8,0.15293567980065412,0.14869590342839792,0.15738698549304553
9,0.09269746646795828,0.089390380986860654,0.096242107530589038
10,0.20958083832335328,0.20490554991328341,0.21442212157811735
11,0.048628428927680795,0.04629993274336041,0.051201662731216846
12,0.10679079956188389,0.10339952637244713,0.11039276171297507
13,0.07030401737242128,0.067535672016234213,0.073300603839374978
14,0.26584317937701396,0.26095284946877034,0.27085654899671507
15,0.19738751814223512,0.1930427187229197,0.20188858030559609
16,0.07608695652173914,0.073259359744503677,0.079131821409576641
17,0.0,0.0,0.000142685271971409
18,0.0,0.0,0.000142685271971409
19,0.0,0.0,0.000142685271971409
20,0.003117692907248636,0.0026210562607012411,0.0038670299334772062
21,0.0037677017019618034,0.0032108086838786251,0.0045769825934379726
22,0.0161101727945953,0.014841565681340567,0.017624836173941061
23,0.004417305443679355,0.0038051552965928589,0.0052815026025297973
24,0.06924775886709107,0.066556776819837155,0.072157765349199821
25,0.009484214629076263,0.0085355884644726827,0.010682278222372221
26,0.0010393659867480836,0.00079664168662758178,0.0015360408588908081
27,0.0033810143042912874,0.0028590846295471987,0.0041557665732329108
28,0.029981427434332714,0.028200935940722656,0.032005954263585545
