position,mute_freq,lo_err,hi_err
0,0.0,0.0,0.30663872564936534
1,0.0,0.0,0.14524860009284779
2,0.42857142857142855,0.28434480105032928,0.60457601167072195
3,0.18181818181818182,0.1199805783091311,0.34113851019948616
4,0.35714285714285715,0.25805373156914035,0.49166490205198843
5,0.3157894736842105,0.23399024546261943,0.43229640126076785
6,0.38095238095238093,0.29283508431000049,0.48952912851937491
7,0.25,0.18540379860266307,0.35257340681488047
8,0.44,0.35186196846311324,0.53690946000087791
9,0.038461538461538464,0.027215670077312647,0.11496466529867688
10,0.0,0.0,0.039872647077782701
11,0.8518518518518519,0.76123060848138069,0.89456892701016211
12,0.037037037037037035,0.026238701070850301,0.11102271136596253
13,0.1111111111111111,0.077253933730718358,0.19793649475975417
14,0.8148148148148148,0.72149761766196152,0.86528167419410418
15,0.7407407407407407,0.64451812792709662,0.80420565352731321
16,0.25925925925925924,0.19579434647268676,0.35548187207290338
17,0.8518518518518519,0.76123060848138069,0.89456892701016211
18,0.1111111111111111,0.077253933730718358,0.19793649475975417
19,0.0,0.0,0.038476384513692813
20,0.038461538461538464,0.027215670077312647,0.11496466529867688
21,0.041666666666666664,0.029405471277534276,0.12375156430294409
22,0.9,0.73429756861060469,0.93265295507393564
23,1.0,0.9049515755219304,1.0
24,0.9,0.73429756861060469,0.93265295507393564
25,0.9,0.73429756861060469,0.93265295507393564
26,0.0,0.0,0.095048424478069507
27,0.0,0.0,0.095048424478069507
28,0.0,0.0,0.095048424478069507
29,0.0,0.0,0.10404154015923782
