position,mute_freq,lo_err,hi_err
0,0.0,0.0,0.087485245239506071
1,0.21739130434782608,0.15790531419698162,0.32154632963859731
2,0.10344827586206896,0.072020953509676994,0.18538144878166996
3,0.09090909090909091,0.069648332639559371,0.13002086093863396
4,0.5576923076923077,0.50994191250297582,0.60330750770971908
5,0.17592592592592593,0.14627368346994399,0.21713751730983255
6,0.109375,0.088362923757122638,0.14217492145967714
7,0.5693430656934306,0.52772163231731462,0.60900839610805391
8,0.3767123287671233,0.33978590275275372,0.41690479964549187
9,0.19078947368421054,0.1639284484362003,0.22552318015834882
10,0.3333333333333333,0.29967466082296706,0.37097590330427255
11,0.24,0.21173440969374346,0.27402367252722515
12,0.4666666666666667,0.4312461478458538,0.50280504554445038
13,0.4090909090909091,0.37633796671507513,0.44362525579045797
14,0.3961352657004831,0.36436813116228239,0.42984993918250247
15,0.27358490566037735,0.24612743231933865,0.30518866384952992
16,0.33636363636363636,0.30710702032649145,0.36850872259204115
17,0.2966101694915254,0.26960797192166497,0.32696099815482349
18,0.4576271186440678,0.42673110738260261,0.48922074256493164
19,0.52734375,0.49706439519484835,0.55720785560667685
20,0.33941605839416056,0.31296554799254089,0.36814609235414242
21,0.05782312925170068,0.047415338686785366,0.074085508166428782
22,0.08196721311475409,0.069336950920097382,0.099933144699568044
23,0.032362459546925564,0.025315962126286118,0.045303652403671846
24,0.025806451612903226,0.019776272909562614,0.037795864464446494
25,0.012861736334405145,0.0092806329429598738,0.022550079769319553
26,0.05466237942122187,0.044818554126460075,0.070082178741113776
27,0.028938906752411574,0.022419347029132557,0.041358825885635553
28,0.00964630225080386,0.0068298558737214876,0.0186131193022675
29,0.0,0.0,0.003515001102046225
30,0.0,0.0,0.003515001102046225
31,0.0,0.0,0.003515001102046225
32,0.0,0.0,0.003515001102046225
33,0.06109324758842444,0.050558434526483918,0.07712324960989525
34,0.03536977491961415,0.027910335217827924,0.048648164548068196
35,0.11935483870967742,0.10388356232725229,0.1396061697867218
36,0.09032258064516129,0.077059089598194144,0.10873106536624022
37,0.1967741935483871,0.17684888593095455,0.22050701838815989
38,0.0032679738562091504,0.0023823145147946001,0.010499776795812932
39,0.003278688524590164,0.0023901032976847113,0.010533964480968216
40,0.006944444444444444,0.0048516916476151533,0.015717404424828718
