position,mute_freq,lo_err,hi_err
199,0.0,0.0,0.42264973081037421
200,1.0,0.57735026918962573,1.0
201,0.0,0.0,0.42264973081037421
202,0.0,0.0,0.42264973081037421
203,0.0,0.0,0.42264973081037421
204,0.0,0.0,0.42264973081037421
205,0.0,0.0,0.42264973081037421
206,0.0,0.0,0.42264973081037421
207,1.0,0.57735026918962573,1.0
208,0.0,0.0,0.42264973081037421
209,0.0,0.0,0.42264973081037421
210,0.0,0.0,0.42264973081037421
211,0.0,0.0,0.42264973081037421
212,1.0,0.57735026918962573,1.0
213,0.0,0.0,0.42264973081037421
214,0.0,0.0,0.42264973081037421
215,0.0,0.0,0.42264973081037421
216,0.0,0.0,0.42264973081037421
217,0.0,0.0,0.42264973081037421
218,0.0,0.0,0.42264973081037421
219,1.0,0.57735026918962573,1.0
220,0.0,0.0,0.42264973081037421
221,0.0,0.0,0.42264973081037421
222,0.0,0.0,0.42264973081037421
223,0.0,0.0,0.42264973081037421
224,0.0,0.0,0.42264973081037421
225,1.0,0.57735026918962573,1.0
226,0.0,0.0,0.42264973081037421
227,1.0,0.57735026918962573,1.0
228,0.0,0.0,0.42264973081037421
229,0.0,0.0,0.42264973081037421
230,1.0,0.57735026918962573,1.0
231,1.0,0.57735026918962573,1.0
232,0.0,0.0,0.42264973081037421
233,0.0,0.0,0.42264973081037421
234,0.0,0.0,0.42264973081037421
235,0.0,0.0,0.42264973081037421
236,0.0,0.0,0.42264973081037421
237,1.0,0.57735026918962573,1.0
238,0.0,0.0,0.42264973081037421
239,0.0,0.0,0.42264973081037421
240,0.0,0.0,0.42264973081037421
241,0.0,0.0,0.42264973081037421
242,1.0,0.57735026918962573,1.0
243,0.0,0.0,0.42264973081037421
