position,mute_freq,lo_err,hi_err
246,0.0,0.0,0.42264973081037421
247,1.0,0.57735026918962573,1.0
248,0.0,0.0,0.30663872564936534
249,0.0,0.0,0.30663872564936534
250,0.3333333333333333,0.19068724246776722,0.6110853443922124
251,0.3333333333333333,0.19068724246776722,0.6110853443922124
252,0.0,0.0,0.24016431434840743
253,0.0,0.0,0.24016431434840743
254,0.3333333333333333,0.19068724246776722,0.6110853443922124
255,0.0,0.0,0.24016431434840743
256,0.3333333333333333,0.19068724246776722,0.6110853443922124
257,0.3333333333333333,0.19068724246776722,0.6110853443922124
258,0.3333333333333333,0.19068724246776722,0.6110853443922124
259,0.3333333333333333,0.19068724246776722,0.6110853443922124
260,0.0,0.0,0.24016431434840743
261,0.3333333333333333,0.19068724246776722,0.6110853443922124
262,0.3333333333333333,0.19068724246776722,0.6110853443922124
263,0.0,0.0,0.24016431434840743
264,0.0,0.0,0.24016431434840743
265,0.0,0.0,0.24016431434840743
266,0.0,0.0,0.24016431434840743
267,0.3333333333333333,0.19068724246776722,0.6110853443922124
268,0.0,0.0,0.24016431434840743
269,0.0,0.0,0.24016431434840743
270,0.0,0.0,0.24016431434840743
271,0.0,0.0,0.24016431434840743
272,0.0,0.0,0.24016431434840743
273,0.0,0.0,0.24016431434840743
274,0.0,0.0,0.24016431434840743
275,0.3333333333333333,0.19068724246776722,0.6110853443922124
276,0.0,0.0,0.24016431434840743
277,0.0,0.0,0.24016431434840743
278,0.3333333333333333,0.19068724246776722,0.6110853443922124
279,0.0,0.0,0.24016431434840743
280,0.0,0.0,0.24016431434840743
281,0.0,0.0,0.24016431434840743
282,0.0,0.0,0.24016431434840743
283,0.0,0.0,0.24016431434840743
284,0.0,0.0,0.24016431434840743
285,0.0,0.0,0.24016431434840743
286,0.6666666666666666,0.38891465560778765,0.80931275753223275
287,0.0,0.0,0.24016431434840743
288,0.0,0.0,0.24016431434840743
289,0.0,0.0,0.24016431434840743
290,0.0,0.0,0.24016431434840743
291,0.0,0.0,0.24016431434840743
292,0.0,0.0,0.24016431434840743
293,0.6666666666666666,0.38891465560778765,0.80931275753223275
294,0.0,0.0,0.24016431434840743
295,0.0,0.0,0.24016431434840743
296,0.0,0.0,0.24016431434840743
297,0.0,0.0,0.24016431434840743
298,0.6666666666666666,0.38891465560778765,0.80931275753223275
299,0.3333333333333333,0.19068724246776722,0.6110853443922124
300,0.0,0.0,0.24016431434840743
301,0.0,0.0,0.42264973081037421
