position,mute_freq,lo_err,hi_err
241,0.0,0.0,0.42264973081037421
242,0.0,0.0,0.42264973081037421
243,0.0,0.0,0.42264973081037421
244,0.0,0.0,0.42264973081037421
245,1.0,0.57735026918962573,1.0
246,0.0,0.0,0.42264973081037421
247,0.0,0.0,0.42264973081037421
248,0.0,0.0,0.42264973081037421
249,0.0,0.0,0.42264973081037421
250,0.0,0.0,0.42264973081037421
251,0.0,0.0,0.42264973081037421
252,0.0,0.0,0.42264973081037421
253,0.0,0.0,0.42264973081037421
254,0.0,0.0,0.42264973081037421
255,0.0,0.0,0.42264973081037421
256,0.0,0.0,0.42264973081037421
257,0.0,0.0,0.42264973081037421
258,0.0,0.0,0.42264973081037421
259,0.0,0.0,0.42264973081037421
260,0.0,0.0,0.42264973081037421
261,0.0,0.0,0.42264973081037421
262,0.0,0.0,0.42264973081037421
263,0.0,0.0,0.42264973081037421
264,0.0,0.0,0.1149118479285397
265,0.0,0.0,0.1149118479285397
266,0.0,0.0,0.1149118479285397
267,0.0,0.0,0.1149118479285397
268,0.0,0.0,0.1149118479285397
269,0.0,0.0,0.1149118479285397
270,0.0,0.0,0.1149118479285397
271,0.0,0.0,0.1149118479285397
272,0.0,0.0,0.1149118479285397
273,0.125,0.082581398132518941,0.31749410050494387
274,0.0,0.0,0.1149118479285397
275,0.875,0.68250589949505613,0.91741860186748103
276,0.0,0.0,0.1149118479285397
277,0.125,0.082581398132518941,0.31749410050494387
278,0.125,0.082581398132518941,0.31749410050494387
279,0.0,0.0,0.1149118479285397
280,0.0,0.0,0.1149118479285397
281,0.0,0.0,0.1149118479285397
282,0.0,0.0,0.1149118479285397
283,0.0,0.0,0.1149118479285397
284,0.125,0.082581398132518941,0.31749410050494387
285,0.0,0.0,0.1149118479285397
286,0.0,0.0,0.1149118479285397
287,0.0,0.0,0.1149118479285397
288,0.0,0.0,0.1149118479285397
289,0.0,0.0,0.1149118479285397
290,0.0,0.0,0.12831445712826431
291,0.0,0.0,0.12831445712826431
292,1.0,0.87168554287173572,1.0
293,0.0,0.0,0.12831445712826431
294,0.0,0.0,0.12831445712826431
295,0.0,0.0,0.12831445712826431
