position,mute_freq,lo_err,hi_err
257,1.0,0.57735026918962573,1.0
258,1.0,0.57735026918962573,1.0
259,1.0,0.57735026918962573,1.0
260,1.0,0.57735026918962573,1.0
261,1.0,0.57735026918962573,1.0
262,1.0,0.57735026918962573,1.0
263,1.0,0.57735026918962573,1.0
264,1.0,0.57735026918962573,1.0
265,1.0,0.57735026918962573,1.0
266,0.0,0.0,0.42264973081037421
267,1.0,0.57735026918962573,1.0
268,0.0,0.0,0.42264973081037421
269,0.0,0.0,0.42264973081037421
270,0.0,0.0,0.42264973081037421
271,0.0,0.0,0.42264973081037421
272,0.0,0.0,0.42264973081037421
273,0.0,0.0,0.42264973081037421
274,0.0,0.0,0.42264973081037421
275,1.0,0.57735026918962573,1.0
276,0.0,0.0,0.42264973081037421
277,0.0,0.0,0.42264973081037421
278,0.0,0.0,0.42264973081037421
279,0.0,0.0,0.42264973081037421
280,0.0,0.0,0.42264973081037421
281,0.0,0.0,0.42264973081037421
282,0.0,0.0,0.42264973081037421
283,0.0,0.0,0.42264973081037421
284,0.0,0.0,0.42264973081037421
285,0.0,0.0,0.42264973081037421
286,0.0,0.0,0.42264973081037421
287,0.0,0.0,0.42264973081037421
288,0.0,0.0,0.42264973081037421
289,0.0,0.0,0.42264973081037421
290,0.0,0.0,0.42264973081037421
291,0.0,0.0,0.42264973081037421
292,0.0,0.0,0.42264973081037421
293,0.0,0.0,0.42264973081037421
294,0.0,0.0,0.42264973081037421
295,0.0,0.0,0.42264973081037421
