position,mute_freq,lo_err,hi_err
225,0.0,0.0,0.42264973081037421
226,1.0,0.57735026918962573,1.0
227,0.0,0.0,0.42264973081037421
228,0.0,0.0,0.42264973081037421
229,0.0,0.0,0.42264973081037421
230,0.0,0.0,0.42264973081037421
231,0.0,0.0,0.42264973081037421
232,1.0,0.57735026918962573,1.0
233,1.0,0.57735026918962573,1.0
234,0.0,0.0,0.42264973081037421
235,0.0,0.0,0.42264973081037421
236,0.0,0.0,0.42264973081037421
237,1.0,0.57735026918962573,1.0
238,1.0,0.57735026918962573,1.0
239,1.0,0.57735026918962573,1.0
240,0.0,0.0,0.42264973081037421
241,1.0,0.57735026918962573,1.0
242,0.0,0.0,0.42264973081037421
243,1.0,0.57735026918962573,1.0
244,0.0,0.0,0.42264973081037421
245,1.0,0.57735026918962573,1.0
246,1.0,0.57735026918962573,1.0
247,1.0,0.57735026918962573,1.0
248,1.0,0.57735026918962573,1.0
249,0.0,0.0,0.42264973081037421
250,1.0,0.57735026918962573,1.0
251,1.0,0.57735026918962573,1.0
252,1.0,0.57735026918962573,1.0
253,1.0,0.57735026918962573,1.0
254,0.0,0.0,0.42264973081037421
255,1.0,0.57735026918962573,1.0
256,0.0,0.0,0.42264973081037421
257,0.0,0.0,0.42264973081037421
258,0.0,0.0,0.42264973081037421
259,0.0,0.0,0.42264973081037421
260,0.0,0.0,0.42264973081037421
261,0.0,0.0,0.42264973081037421
262,1.0,0.57735026918962573,1.0
263,0.0,0.0,0.42264973081037421
264,0.0,0.0,0.42264973081037421
265,0.0,0.0,0.42264973081037421
266,0.0,0.0,0.42264973081037421
267,0.0,0.0,0.42264973081037421
268,0.0,0.0,0.42264973081037421
269,0.0,0.0,0.42264973081037421
270,0.0,0.0,0.42264973081037421
271,0.0,0.0,0.42264973081037421
272,0.0,0.0,0.42264973081037421
273,0.0,0.0,0.42264973081037421
274,0.0,0.0,0.42264973081037421
275,0.0,0.0,0.42264973081037421
276,0.0,0.0,0.42264973081037421
277,0.0,0.0,0.42264973081037421
278,0.0,0.0,0.42264973081037421
279,0.0,0.0,0.42264973081037421
280,0.0,0.0,0.42264973081037421
281,0.0,0.0,0.42264973081037421
282,0.0,0.0,0.42264973081037421
283,0.0,0.0,0.42264973081037421
284,0.0,0.0,0.42264973081037421
285,0.0,0.0,0.42264973081037421
286,0.0,0.0,0.42264973081037421
