position,mute_freq,lo_err,hi_err
245,0.0,0.0,0.14524860009284779
246,1.0,0.85475139990715221,1.0
247,0.0,0.0,0.14524860009284779
248,0.0,0.0,0.14524860009284779
249,0.0,0.0,0.14524860009284779
250,0.0,0.0,0.14524860009284779
251,0.6666666666666666,0.4602712860106799,0.78944041882288019
252,0.0,0.0,0.14524860009284779
253,0.0,0.0,0.14524860009284779
254,0.0,0.0,0.14524860009284779
255,0.0,0.0,0.14524860009284779
256,0.0,0.0,0.14524860009284779
257,0.3333333333333333,0.21055958117711987,0.5397287139893201
258,0.0,0.0,0.14524860009284779
259,0.0,0.0,0.14524860009284779
260,0.0,0.0,0.14524860009284779
261,0.0,0.0,0.14524860009284779
262,0.0,0.0,0.14524860009284779
263,0.16666666666666666,0.10674671123801888,0.39395545796199716
264,0.8333333333333334,0.60604454203800273,0.89325328876198118
265,0.16666666666666666,0.10674671123801888,0.39395545796199716
266,0.3333333333333333,0.21055958117711987,0.5397287139893201
267,0.16666666666666666,0.10674671123801888,0.39395545796199716
268,0.3333333333333333,0.21055958117711987,0.5397287139893201
269,0.16666666666666666,0.10674671123801888,0.39395545796199716
270,0.0,0.0,0.14524860009284779
271,0.0,0.0,0.14524860009284779
272,0.5,0.32897493402219302,0.67102506597780698
273,0.0,0.0,0.14524860009284779
274,0.0,0.0,0.14524860009284779
275,0.0,0.0,0.14524860009284779
276,0.0,0.0,0.14524860009284779
277,0.0,0.0,0.14524860009284779
278,0.0,0.0,0.14524860009284779
279,0.0,0.0,0.14524860009284779
280,0.0,0.0,0.14524860009284779
281,0.0,0.0,0.14524860009284779
282,0.16666666666666666,0.10674671123801888,0.39395545796199716
283,0.0,0.0,0.14524860009284779
284,0.3333333333333333,0.21055958117711987,0.5397287139893201
285,0.0,0.0,0.14524860009284779
286,0.0,0.0,0.14524860009284779
287,0.6666666666666666,0.4602712860106799,0.78944041882288019
288,0.0,0.0,0.14524860009284779
289,0.0,0.0,0.14524860009284779
290,0.0,0.0,0.14524860009284779
291,0.0,0.0,0.14524860009284779
292,0.0,0.0,0.14524860009284779
293,0.0,0.0,0.14524860009284779
294,0.0,0.0,0.14524860009284779
295,0.16666666666666666,0.10674671123801888,0.39395545796199716
296,0.0,0.0,0.14524860009284779
297,0.3333333333333333,0.21055958117711987,0.5397287139893201
298,0.0,0.0,0.14524860009284779
299,0.0,0.0,0.14524860009284779
300,0.0,0.0,0.24016431434840743
301,0.0,0.0,0.24016431434840743
