position,mute_freq,lo_err,hi_err
246,0.0,0.0,0.42264973081037421
247,0.0,0.0,0.42264973081037421
248,0.0,0.0,0.30663872564936534
249,0.0,0.0,0.30663872564936534
250,0.5,0.25914901474431468,0.74085098525568538
251,0.0,0.0,0.30663872564936534
252,0.0,0.0,0.30663872564936534
253,0.0,0.0,0.24016431434840743
254,0.0,0.0,0.1972584382397693
255,0.25,0.15101699713285721,0.51726228967734733
256,0.25,0.15101699713285721,0.51726228967734733
257,0.0,0.0,0.1972584382397693
258,0.0,0.0,0.1972584382397693
259,0.0,0.0,0.1972584382397693
260,0.5,0.30269719228060737,0.69730280771939257
261,0.25,0.15101699713285721,0.51726228967734733
262,0.25,0.15101699713285721,0.51726228967734733
263,0.0,0.0,0.1972584382397693
264,0.0,0.0,0.1972584382397693
265,0.0,0.0,0.1972584382397693
266,0.0,0.0,0.1972584382397693
267,0.0,0.0,0.1972584382397693
268,0.0,0.0,0.1972584382397693
269,0.0,0.0,0.1972584382397693
270,0.2,0.12506535896216608,0.44750688411666539
271,0.2,0.12506535896216608,0.44750688411666539
272,0.2,0.12506535896216608,0.44750688411666539
273,0.0,0.0,0.16731682234439568
274,0.2,0.12506535896216608,0.44750688411666539
275,0.0,0.0,0.16731682234439568
276,0.0,0.0,0.16731682234439568
277,0.2,0.12506535896216608,0.44750688411666539
278,0.2,0.12506535896216608,0.44750688411666539
279,0.0,0.0,0.16731682234439568
280,0.2,0.12506535896216608,0.44750688411666539
281,0.0,0.0,0.16731682234439568
282,0.2,0.12506535896216608,0.44750688411666539
283,0.2,0.12506535896216608,0.44750688411666539
284,0.6,0.39075470082164449,0.75175515147468952
285,0.0,0.0,0.16731682234439568
286,0.0,0.0,0.16731682234439568
287,0.0,0.0,0.16731682234439568
288,0.2,0.12506535896216608,0.44750688411666539
289,0.0,0.0,0.16731682234439568
290,0.2,0.12506535896216608,0.44750688411666539
291,0.0,0.0,0.16731682234439568
292,0.0,0.0,0.16731682234439568
293,0.0,0.0,0.16731682234439568
294,0.25,0.15101699713285721,0.51726228967734733
295,0.0,0.0,0.24016431434840743
