position,mute_freq,lo_err,hi_err
52,0.0,0.0,0.42264973081037421
53,0.0,0.0,0.42264973081037421
54,1.0,0.57735026918962573,1.0
55,0.0,0.0,0.42264973081037421
56,1.0,0.57735026918962573,1.0
57,0.0,0.0,0.42264973081037421
58,0.0,0.0,0.42264973081037421
59,1.0,0.57735026918962573,1.0
60,0.0,0.0,0.42264973081037421
61,1.0,0.57735026918962573,1.0
62,1.0,0.57735026918962573,1.0
63,0.0,0.0,0.42264973081037421
64,0.0,0.0,0.42264973081037421
65,1.0,0.57735026918962573,1.0
66,0.0,0.0,0.42264973081037421
67,0.0,0.0,0.42264973081037421
68,1.0,0.57735026918962573,1.0
69,0.0,0.0,0.42264973081037421
70,1.0,0.57735026918962573,1.0
71,1.0,0.57735026918962573,1.0
72,0.0,0.0,0.42264973081037421
73,0.0,0.0,0.42264973081037421
74,1.0,0.57735026918962573,1.0
75,0.0,0.0,0.42264973081037421
76,0.0,0.0,0.42264973081037421
77,1.0,0.57735026918962573,1.0
78,0.0,0.0,0.42264973081037421
79,1.0,0.57735026918962573,1.0
80,0.0,0.0,0.42264973081037421
81,1.0,0.57735026918962573,1.0
82,1.0,0.57735026918962573,1.0
83,1.0,0.57735026918962573,1.0
84,1.0,0.57735026918962573,1.0
85,1.0,0.57735026918962573,1.0
86,1.0,0.57735026918962573,1.0
87,1.0,0.57735026918962573,1.0
88,1.0,0.57735026918962573,1.0
89,1.0,0.57735026918962573,1.0
90,1.0,0.57735026918962573,1.0
91,0.0,0.0,0.42264973081037421
92,0.0,0.0,0.42264973081037421
93,0.0,0.0,0.42264973081037421
94,0.0,0.0,0.42264973081037421
95,0.0,0.0,0.42264973081037421
96,1.0,0.57735026918962573,1.0
97,1.0,0.57735026918962573,1.0
98,0.0,0.0,0.42264973081037421
99,1.0,0.57735026918962573,1.0
100,0.0,0.0,0.42264973081037421
101,0.0,0.0,0.42264973081037421
102,1.0,0.57735026918962573,1.0
103,0.0,0.0,0.42264973081037421
104,0.0,0.0,0.42264973081037421
105,0.0,0.0,0.42264973081037421
106,0.0,0.0,0.42264973081037421
107,0.0,0.0,0.42264973081037421
108,0.0,0.0,0.42264973081037421
109,1.0,0.57735026918962573,1.0
110,0.0,0.0,0.42264973081037421
