position,mute_freq,lo_err,hi_err
233,1.0,0.69336127435063466,1.0
234,0.0,0.0,0.30663872564936534
235,0.0,0.0,0.30663872564936534
236,0.0,0.0,0.30663872564936534
237,0.5,0.25914901474431468,0.74085098525568538
238,0.0,0.0,0.30663872564936534
239,0.0,0.0,0.30663872564936534
240,0.5,0.25914901474431468,0.74085098525568538
241,0.0,0.0,0.30663872564936534
242,0.5,0.25914901474431468,0.74085098525568538
243,0.5,0.25914901474431468,0.74085098525568538
244,0.5,0.25914901474431468,0.74085098525568538
245,0.5,0.25914901474431468,0.74085098525568538
246,0.0,0.0,0.30663872564936534
247,0.5,0.25914901474431468,0.74085098525568538
248,0.0,0.0,0.30663872564936534
249,0.0,0.0,0.30663872564936534
250,0.0,0.0,0.30663872564936534
251,1.0,0.69336127435063466,1.0
252,0.0,0.0,0.30663872564936534
253,0.0,0.0,0.30663872564936534
254,0.0,0.0,0.30663872564936534
255,0.0,0.0,0.30663872564936534
256,0.0,0.0,0.30663872564936534
257,0.0,0.0,0.30663872564936534
258,0.5,0.25914901474431468,0.74085098525568538
259,0.0,0.0,0.30663872564936534
260,0.5,0.25914901474431468,0.74085098525568538
261,0.0,0.0,0.30663872564936534
262,0.0,0.0,0.30663872564936534
263,0.5,0.25914901474431468,0.74085098525568538
264,0.0,0.0,0.30663872564936534
265,0.0,0.0,0.30663872564936534
266,0.0,0.0,0.30663872564936534
267,0.0,0.0,0.30663872564936534
268,0.0,0.0,0.30663872564936534
269,0.0,0.0,0.30663872564936534
270,1.0,0.69336127435063466,1.0
271,0.0,0.0,0.30663872564936534
272,0.0,0.0,0.30663872564936534
273,0.0,0.0,0.30663872564936534
274,0.5,0.25914901474431468,0.74085098525568538
275,0.5,0.25914901474431468,0.74085098525568538
276,0.5,0.25914901474431468,0.74085098525568538
277,0.0,0.0,0.30663872564936534
278,0.5,0.25914901474431468,0.74085098525568538
279,0.0,0.0,0.30663872564936534
280,0.0,0.0,0.30663872564936534
281,0.0,0.0,0.30663872564936534
282,0.0,0.0,0.30663872564936534
283,0.0,0.0,0.30663872564936534
284,0.5,0.25914901474431468,0.74085098525568538
285,0.0,0.0,0.30663872564936534
286,0.0,0.0,0.30663872564936534
287,0.0,0.0,0.30663872564936534
288,0.0,0.0,0.30663872564936534
289,0.0,0.0,0.30663872564936534
290,0.0,0.0,0.30663872564936534
291,0.0,0.0,0.30663872564936534
292,0.0,0.0,0.30663872564936534
293,0.0,0.0,0.30663872564936534
294,0.0,0.0,0.30663872564936534
295,0.0,0.0,0.42264973081037421
