position,mute_freq,lo_err,hi_err
221,0.0,0.0,0.42264973081037421
222,0.0,0.0,0.42264973081037421
223,1.0,0.57735026918962573,1.0
224,1.0,0.57735026918962573,1.0
225,0.0,0.0,0.42264973081037421
226,0.0,0.0,0.42264973081037421
227,0.0,0.0,0.42264973081037421
228,0.0,0.0,0.42264973081037421
229,0.0,0.0,0.42264973081037421
230,0.0,0.0,0.42264973081037421
231,0.0,0.0,0.42264973081037421
232,0.0,0.0,0.42264973081037421
233,0.0,0.0,0.42264973081037421
234,1.0,0.57735026918962573,1.0
235,0.0,0.0,0.42264973081037421
236,0.0,0.0,0.42264973081037421
237,0.0,0.0,0.42264973081037421
238,1.0,0.57735026918962573,1.0
239,0.0,0.0,0.42264973081037421
240,0.0,0.0,0.42264973081037421
241,0.0,0.0,0.42264973081037421
242,0.0,0.0,0.42264973081037421
243,0.0,0.0,0.42264973081037421
244,0.0,0.0,0.42264973081037421
245,0.0,0.0,0.42264973081037421
246,0.0,0.0,0.42264973081037421
247,0.0,0.0,0.42264973081037421
248,0.0,0.0,0.42264973081037421
249,1.0,0.57735026918962573,1.0
250,1.0,0.57735026918962573,1.0
251,1.0,0.57735026918962573,1.0
252,0.0,0.0,0.42264973081037421
253,1.0,0.57735026918962573,1.0
254,0.0,0.0,0.42264973081037421
255,0.0,0.0,0.42264973081037421
256,0.0,0.0,0.42264973081037421
257,0.0,0.0,0.42264973081037421
258,1.0,0.57735026918962573,1.0
259,0.0,0.0,0.42264973081037421
260,0.0,0.0,0.42264973081037421
261,1.0,0.57735026918962573,1.0
262,0.0,0.0,0.42264973081037421
263,0.0,0.0,0.42264973081037421
264,0.0,0.0,0.42264973081037421
265,0.0,0.0,0.42264973081037421
266,0.0,0.0,0.42264973081037421
267,0.0,0.0,0.42264973081037421
268,0.0,0.0,0.42264973081037421
269,0.0,0.0,0.42264973081037421
270,0.0,0.0,0.42264973081037421
271,0.0,0.0,0.42264973081037421
272,0.0,0.0,0.42264973081037421
273,0.0,0.0,0.42264973081037421
274,0.0,0.0,0.42264973081037421
275,1.0,0.57735026918962573,1.0
276,1.0,0.57735026918962573,1.0
277,0.0,0.0,0.42264973081037421
278,0.0,0.0,0.42264973081037421
279,0.0,0.0,0.42264973081037421
280,0.0,0.0,0.42264973081037421
281,0.0,0.0,0.42264973081037421
282,0.0,0.0,0.42264973081037421
283,0.0,0.0,0.42264973081037421
284,1.0,0.57735026918962573,1.0
285,0.0,0.0,0.42264973081037421
286,0.0,0.0,0.42264973081037421
287,0.0,0.0,0.42264973081037421
288,0.0,0.0,0.42264973081037421
289,0.0,0.0,0.42264973081037421
290,0.0,0.0,0.42264973081037421
291,0.0,0.0,0.42264973081037421
292,0.0,0.0,0.42264973081037421
293,0.0,0.0,0.42264973081037421
294,0.0,0.0,0.42264973081037421
