position,mute_freq,lo_err,hi_err
244,0.0,0.0,0.42264973081037421
245,0.0,0.0,0.42264973081037421
246,0.0,0.0,0.24016431434840743
247,0.25,0.15101699713285721,0.51726228967734733
248,0.1111111111111111,0.074189247079555778,0.28931737618473241
249,0.1111111111111111,0.074189247079555778,0.28931737618473241
250,0.2222222222222222,0.14487224511153371,0.40038692586825786
251,0.5555555555555556,0.40025579626354219,0.69070515393399368
252,0.1111111111111111,0.074189247079555778,0.28931737618473241
253,0.0,0.0,0.10404154015923782
254,0.0,0.0,0.10404154015923782
255,0.0,0.0,0.10404154015923782
256,0.0,0.0,0.10404154015923782
257,0.0,0.0,0.10404154015923782
258,0.5555555555555556,0.40025579626354219,0.69070515393399368
259,0.0,0.0,0.10404154015923782
260,0.0,0.0,0.10404154015923782
261,0.4444444444444444,0.30929484606600632,0.59974420373645787
262,0.2222222222222222,0.14487224511153371,0.40038692586825786
263,0.0,0.0,0.10404154015923782
264,0.0,0.0,0.10404154015923782
265,0.2222222222222222,0.14487224511153371,0.40038692586825786
266,0.2222222222222222,0.14487224511153371,0.40038692586825786
267,0.0,0.0,0.10404154015923782
268,0.0,0.0,0.10404154015923782
269,0.0,0.0,0.10404154015923782
270,0.5555555555555556,0.40025579626354219,0.69070515393399368
271,0.0,0.0,0.10404154015923782
272,0.0,0.0,0.095048424478069507
273,0.3,0.20247687753331356,0.46394379580768308
274,0.5,0.36029770508000913,0.63970229491999087
275,0.0,0.0,0.095048424478069507
276,0.4,0.27908704128163897,0.55411565196340884
277,0.0,0.0,0.095048424478069507
278,0.6,0.44588434803659116,0.72091295871836103
279,0.0,0.0,0.095048424478069507
280,0.4,0.27908704128163897,0.55411565196340884
281,0.3,0.20247687753331356,0.46394379580768308
282,0.2,0.13125308928352955,0.36842716068915404
283,0.5,0.36029770508000913,0.63970229491999087
284,0.4,0.27908704128163897,0.55411565196340884
285,0.0,0.0,0.095048424478069507
286,0.0,0.0,0.095048424478069507
287,0.0,0.0,0.095048424478069507
288,0.1,0.067347044926064331,0.26570243138939531
289,0.1,0.067347044926064331,0.26570243138939531
290,0.5,0.36029770508000913,0.63970229491999087
291,0.0,0.0,0.095048424478069507
292,0.0,0.0,0.095048424478069507
293,0.6666666666666666,0.49679457424518542,0.77607726107787689
294,0.0,0.0,0.10404154015923782
295,0.0,0.0,0.24016431434840743
