position,mute_freq,lo_err,hi_err
207,0.0,0.0,0.42264973081037421
208,0.0,0.0,0.42264973081037421
209,0.0,0.0,0.42264973081037421
210,0.0,0.0,0.42264973081037421
211,0.0,0.0,0.42264973081037421
212,0.0,0.0,0.42264973081037421
213,0.0,0.0,0.42264973081037421
214,0.0,0.0,0.42264973081037421
215,0.0,0.0,0.42264973081037421
216,0.0,0.0,0.42264973081037421
217,0.0,0.0,0.42264973081037421
218,1.0,0.57735026918962573,1.0
219,0.0,0.0,0.42264973081037421
220,0.0,0.0,0.42264973081037421
221,1.0,0.57735026918962573,1.0
222,0.0,0.0,0.42264973081037421
223,0.0,0.0,0.42264973081037421
224,0.0,0.0,0.42264973081037421
225,0.0,0.0,0.42264973081037421
226,0.0,0.0,0.42264973081037421
227,0.0,0.0,0.42264973081037421
228,0.0,0.0,0.42264973081037421
229,1.0,0.57735026918962573,1.0
230,0.0,0.0,0.42264973081037421
231,1.0,0.57735026918962573,1.0
232,0.0,0.0,0.42264973081037421
233,1.0,0.57735026918962573,1.0
234,0.0,0.0,0.42264973081037421
235,1.0,0.57735026918962573,1.0
236,1.0,0.57735026918962573,1.0
237,0.0,0.0,0.42264973081037421
238,0.0,0.0,0.42264973081037421
239,0.0,0.0,0.42264973081037421
240,0.0,0.0,0.42264973081037421
241,0.0,0.0,0.42264973081037421
242,1.0,0.57735026918962573,1.0
243,1.0,0.57735026918962573,1.0
244,0.0,0.0,0.42264973081037421
245,0.0,0.0,0.42264973081037421
246,0.0,0.0,0.42264973081037421
247,1.0,0.57735026918962573,1.0
248,0.0,0.0,0.42264973081037421
249,1.0,0.57735026918962573,1.0
250,1.0,0.57735026918962573,1.0
251,1.0,0.57735026918962573,1.0
252,0.0,0.0,0.42264973081037421
253,0.0,0.0,0.42264973081037421
254,1.0,0.57735026918962573,1.0
255,0.0,0.0,0.42264973081037421
256,0.0,0.0,0.42264973081037421
257,1.0,0.57735026918962573,1.0
258,1.0,0.57735026918962573,1.0
259,1.0,0.57735026918962573,1.0
260,1.0,0.57735026918962573,1.0
261,0.0,0.0,0.42264973081037421
262,1.0,0.57735026918962573,1.0
263,1.0,0.57735026918962573,1.0
264,0.0,0.0,0.42264973081037421
265,0.0,0.0,0.42264973081037421
266,0.0,0.0,0.42264973081037421
267,0.0,0.0,0.42264973081037421
268,0.0,0.0,0.42264973081037421
269,0.0,0.0,0.42264973081037421
270,1.0,0.57735026918962573,1.0
271,1.0,0.57735026918962573,1.0
272,0.0,0.0,0.42264973081037421
273,1.0,0.57735026918962573,1.0
274,0.0,0.0,0.42264973081037421
275,0.0,0.0,0.42264973081037421
