position,mute_freq,lo_err,hi_err
235,0.0,0.0,0.42264973081037421
236,0.0,0.0,0.42264973081037421
237,1.0,0.57735026918962573,1.0
238,0.0,0.0,0.42264973081037421
239,1.0,0.57735026918962573,1.0
240,0.0,0.0,0.42264973081037421
241,1.0,0.57735026918962573,1.0
242,1.0,0.57735026918962573,1.0
243,0.0,0.0,0.42264973081037421
244,1.0,0.57735026918962573,1.0
245,0.0,0.0,0.42264973081037421
246,0.0,0.0,0.42264973081037421
247,0.0,0.0,0.42264973081037421
248,0.0,0.0,0.42264973081037421
249,0.0,0.0,0.42264973081037421
250,0.0,0.0,0.42264973081037421
251,1.0,0.57735026918962573,1.0
252,1.0,0.57735026918962573,1.0
253,0.0,0.0,0.42264973081037421
254,0.0,0.0,0.42264973081037421
255,0.0,0.0,0.42264973081037421
256,0.0,0.0,0.42264973081037421
257,0.0,0.0,0.42264973081037421
258,0.0,0.0,0.42264973081037421
259,1.0,0.57735026918962573,1.0
260,1.0,0.57735026918962573,1.0
261,1.0,0.57735026918962573,1.0
262,1.0,0.57735026918962573,1.0
263,0.0,0.0,0.42264973081037421
264,0.0,0.0,0.42264973081037421
265,0.0,0.0,0.42264973081037421
266,1.0,0.57735026918962573,1.0
267,0.0,0.0,0.42264973081037421
268,0.0,0.0,0.42264973081037421
269,0.0,0.0,0.42264973081037421
270,0.0,0.0,0.42264973081037421
271,0.0,0.0,0.42264973081037421
272,0.0,0.0,0.42264973081037421
273,0.0,0.0,0.42264973081037421
274,0.0,0.0,0.42264973081037421
275,0.0,0.0,0.42264973081037421
276,1.0,0.57735026918962573,1.0
277,1.0,0.57735026918962573,1.0
278,1.0,0.57735026918962573,1.0
279,0.0,0.0,0.42264973081037421
280,0.0,0.0,0.42264973081037421
281,0.0,0.0,0.42264973081037421
282,0.0,0.0,0.42264973081037421
283,0.0,0.0,0.42264973081037421
284,0.0,0.0,0.42264973081037421
285,0.0,0.0,0.42264973081037421
286,0.0,0.0,0.42264973081037421
287,0.0,0.0,0.42264973081037421
288,0.0,0.0,0.42264973081037421
289,0.0,0.0,0.42264973081037421
290,0.0,0.0,0.42264973081037421
291,0.0,0.0,0.42264973081037421
292,0.0,0.0,0.42264973081037421
293,1.0,0.57735026918962573,1.0
294,0.0,0.0,0.42264973081037421
295,0.0,0.0,0.42264973081037421
