position,mute_freq,lo_err,hi_err
39,0.0,0.0,0.42264973081037421
40,0.0,0.0,0.42264973081037421
41,1.0,0.57735026918962573,1.0
42,0.0,0.0,0.42264973081037421
43,0.0,0.0,0.42264973081037421
44,1.0,0.57735026918962573,1.0
45,1.0,0.57735026918962573,1.0
46,1.0,0.57735026918962573,1.0
47,0.0,0.0,0.42264973081037421
48,0.0,0.0,0.42264973081037421
49,0.0,0.0,0.42264973081037421
50,1.0,0.57735026918962573,1.0
51,0.0,0.0,0.42264973081037421
52,0.0,0.0,0.42264973081037421
53,1.0,0.57735026918962573,1.0
54,0.0,0.0,0.42264973081037421
55,1.0,0.57735026918962573,1.0
56,0.0,0.0,0.42264973081037421
57,1.0,0.57735026918962573,1.0
58,1.0,0.57735026918962573,1.0
59,1.0,0.57735026918962573,1.0
60,1.0,0.57735026918962573,1.0
61,1.0,0.57735026918962573,1.0
62,0.0,0.0,0.42264973081037421
63,0.0,0.0,0.42264973081037421
64,0.0,0.0,0.42264973081037421
65,1.0,0.57735026918962573,1.0
66,1.0,0.57735026918962573,1.0
67,1.0,0.57735026918962573,1.0
68,1.0,0.57735026918962573,1.0
69,0.0,0.0,0.42264973081037421
70,1.0,0.57735026918962573,1.0
71,0.0,0.0,0.42264973081037421
72,1.0,0.57735026918962573,1.0
73,0.0,0.0,0.42264973081037421
74,1.0,0.57735026918962573,1.0
75,1.0,0.57735026918962573,1.0
76,0.0,0.0,0.42264973081037421
77,0.0,0.0,0.42264973081037421
78,0.0,0.0,0.42264973081037421
79,0.0,0.0,0.42264973081037421
80,1.0,0.57735026918962573,1.0
81,1.0,0.57735026918962573,1.0
82,0.0,0.0,0.42264973081037421
83,0.0,0.0,0.42264973081037421
84,1.0,0.57735026918962573,1.0
85,0.0,0.0,0.42264973081037421
86,0.0,0.0,0.42264973081037421
87,0.0,0.0,0.42264973081037421
88,0.0,0.0,0.42264973081037421
89,0.0,0.0,0.42264973081037421
90,0.0,0.0,0.42264973081037421
