position,mute_freq,lo_err,hi_err
259,0.0,0.0,0.42264973081037421
260,0.0,0.0,0.42264973081037421
261,0.0,0.0,0.42264973081037421
262,0.0,0.0,0.42264973081037421
263,0.0,0.0,0.42264973081037421
264,0.0,0.0,0.42264973081037421
265,0.0,0.0,0.42264973081037421
266,0.0,0.0,0.42264973081037421
267,0.0,0.0,0.42264973081037421
268,1.0,0.57735026918962573,1.0
269,0.0,0.0,0.42264973081037421
270,1.0,0.57735026918962573,1.0
271,0.0,0.0,0.42264973081037421
272,0.0,0.0,0.42264973081037421
273,0.0,0.0,0.42264973081037421
274,0.0,0.0,0.42264973081037421
275,0.0,0.0,0.42264973081037421
276,0.0,0.0,0.42264973081037421
277,0.0,0.0,0.42264973081037421
278,1.0,0.57735026918962573,1.0
279,0.0,0.0,0.42264973081037421
280,0.0,0.0,0.42264973081037421
281,0.0,0.0,0.42264973081037421
282,0.0,0.0,0.42264973081037421
283,1.0,0.57735026918962573,1.0
284,0.0,0.0,0.42264973081037421
285,0.0,0.0,0.42264973081037421
286,0.0,0.0,0.42264973081037421
287,1.0,0.57735026918962573,1.0
288,0.0,0.0,0.42264973081037421
289,0.0,0.0,0.42264973081037421
290,0.0,0.0,0.42264973081037421
291,0.0,0.0,0.42264973081037421
292,0.0,0.0,0.42264973081037421
293,0.0,0.0,0.42264973081037421
294,0.0,0.0,0.42264973081037421
