position,mute_freq,lo_err,hi_err
118,0.0,0.0,0.42264973081037421
119,0.0,0.0,0.42264973081037421
120,1.0,0.57735026918962573,1.0
121,1.0,0.57735026918962573,1.0
122,1.0,0.57735026918962573,1.0
123,0.0,0.0,0.42264973081037421
124,0.0,0.0,0.42264973081037421
125,1.0,0.57735026918962573,1.0
126,0.0,0.0,0.42264973081037421
127,0.0,0.0,0.42264973081037421
128,0.0,0.0,0.42264973081037421
129,0.0,0.0,0.42264973081037421
130,0.0,0.0,0.42264973081037421
131,1.0,0.57735026918962573,1.0
132,0.0,0.0,0.42264973081037421
133,1.0,0.57735026918962573,1.0
134,0.0,0.0,0.42264973081037421
135,0.0,0.0,0.42264973081037421
136,0.0,0.0,0.42264973081037421
137,0.0,0.0,0.42264973081037421
138,0.0,0.0,0.42264973081037421
139,0.0,0.0,0.42264973081037421
140,0.0,0.0,0.42264973081037421
141,0.0,0.0,0.42264973081037421
142,0.0,0.0,0.42264973081037421
143,0.0,0.0,0.42264973081037421
144,0.0,0.0,0.42264973081037421
145,0.0,0.0,0.42264973081037421
146,0.0,0.0,0.42264973081037421
147,0.0,0.0,0.42264973081037421
148,0.0,0.0,0.42264973081037421
149,1.0,0.57735026918962573,1.0
150,0.0,0.0,0.42264973081037421
151,0.0,0.0,0.42264973081037421
152,0.0,0.0,0.42264973081037421
153,0.0,0.0,0.42264973081037421
154,0.0,0.0,0.42264973081037421
155,0.0,0.0,0.42264973081037421
156,0.0,0.0,0.42264973081037421
157,0.0,0.0,0.42264973081037421
158,0.0,0.0,0.42264973081037421
159,0.0,0.0,0.42264973081037421
160,0.0,0.0,0.42264973081037421
161,1.0,0.57735026918962573,1.0
162,1.0,0.57735026918962573,1.0
163,0.0,0.0,0.42264973081037421
164,0.0,0.0,0.42264973081037421
165,0.0,0.0,0.42264973081037421
166,1.0,0.57735026918962573,1.0
167,0.0,0.0,0.42264973081037421
168,0.0,0.0,0.42264973081037421
169,1.0,0.57735026918962573,1.0
170,0.0,0.0,0.42264973081037421
171,1.0,0.57735026918962573,1.0
172,0.0,0.0,0.42264973081037421
173,0.0,0.0,0.42264973081037421
174,0.0,0.0,0.42264973081037421
175,1.0,0.57735026918962573,1.0
176,1.0,0.57735026918962573,1.0
177,0.0,0.0,0.42264973081037421
178,0.0,0.0,0.42264973081037421
