position,mute_freq,lo_err,hi_err
112,0.0,0.0,0.30663872564936534
113,0.0,0.0,0.30663872564936534
114,0.0,0.0,0.30663872564936534
115,0.0,0.0,0.30663872564936534
116,0.0,0.0,0.30663872564936534
117,0.0,0.0,0.30663872564936534
118,0.0,0.0,0.30663872564936534
119,0.0,0.0,0.30663872564936534
120,0.0,0.0,0.30663872564936534
121,0.0,0.0,0.24016431434840743
122,0.3333333333333333,0.19068724246776722,0.6110853443922124
123,0.0,0.0,0.24016431434840743
124,0.0,0.0,0.24016431434840743
125,0.3333333333333333,0.19068724246776722,0.6110853443922124
126,0.0,0.0,0.24016431434840743
127,0.0,0.0,0.24016431434840743
128,0.3333333333333333,0.19068724246776722,0.6110853443922124
129,0.0,0.0,0.24016431434840743
130,0.0,0.0,0.24016431434840743
131,0.3333333333333333,0.19068724246776722,0.6110853443922124
132,0.0,0.0,0.24016431434840743
133,0.0,0.0,0.24016431434840743
134,0.0,0.0,0.24016431434840743
135,0.0,0.0,0.24016431434840743
136,0.0,0.0,0.24016431434840743
137,0.0,0.0,0.24016431434840743
138,0.0,0.0,0.24016431434840743
139,0.0,0.0,0.24016431434840743
140,0.0,0.0,0.24016431434840743
141,0.0,0.0,0.24016431434840743
142,0.0,0.0,0.24016431434840743
143,0.0,0.0,0.30663872564936534
144,0.0,0.0,0.30663872564936534
145,0.0,0.0,0.30663872564936534
146,0.0,0.0,0.30663872564936534
147,0.5,0.25914901474431468,0.74085098525568538
148,0.0,0.0,0.30663872564936534
149,0.0,0.0,0.30663872564936534
150,0.5,0.25914901474431468,0.74085098525568538
151,0.5,0.25914901474431468,0.74085098525568538
152,0.0,0.0,0.30663872564936534
153,0.5,0.25914901474431468,0.74085098525568538
154,0.0,0.0,0.30663872564936534
155,0.5,0.25914901474431468,0.74085098525568538
156,0.0,0.0,0.30663872564936534
157,0.5,0.25914901474431468,0.74085098525568538
158,0.0,0.0,0.30663872564936534
159,0.5,0.25914901474431468,0.74085098525568538
160,0.0,0.0,0.30663872564936534
161,0.0,0.0,0.42264973081037421
162,0.0,0.0,0.42264973081037421
163,0.0,0.0,0.42264973081037421
164,1.0,0.57735026918962573,1.0
165,1.0,0.57735026918962573,1.0
166,0.0,0.0,0.42264973081037421
167,0.0,0.0,0.42264973081037421
