position,mute_freq,lo_err,hi_err
248,0.0,0.0,0.42264973081037421
249,1.0,0.57735026918962573,1.0
250,0.0,0.0,0.42264973081037421
251,1.0,0.57735026918962573,1.0
252,0.0,0.0,0.42264973081037421
253,1.0,0.57735026918962573,1.0
254,0.0,0.0,0.42264973081037421
255,1.0,0.57735026918962573,1.0
256,1.0,0.57735026918962573,1.0
257,0.0,0.0,0.42264973081037421
258,1.0,0.57735026918962573,1.0
259,1.0,0.57735026918962573,1.0
260,1.0,0.57735026918962573,1.0
261,0.0,0.0,0.42264973081037421
262,0.0,0.0,0.42264973081037421
263,0.0,0.0,0.42264973081037421
264,0.0,0.0,0.42264973081037421
265,1.0,0.57735026918962573,1.0
266,1.0,0.57735026918962573,1.0
267,0.0,0.0,0.42264973081037421
268,0.0,0.0,0.42264973081037421
269,1.0,0.57735026918962573,1.0
270,1.0,0.57735026918962573,1.0
271,1.0,0.57735026918962573,1.0
272,0.0,0.0,0.42264973081037421
273,1.0,0.57735026918962573,1.0
274,1.0,0.57735026918962573,1.0
275,1.0,0.57735026918962573,1.0
276,0.0,0.0,0.42264973081037421
277,0.0,0.0,0.42264973081037421
278,0.0,0.0,0.42264973081037421
279,0.0,0.0,0.42264973081037421
280,1.0,0.57735026918962573,1.0
281,0.0,0.0,0.42264973081037421
282,0.0,0.0,0.42264973081037421
283,1.0,0.57735026918962573,1.0
284,0.0,0.0,0.42264973081037421
285,0.0,0.0,0.42264973081037421
286,0.0,0.0,0.42264973081037421
287,0.0,0.0,0.42264973081037421
288,0.0,0.0,0.42264973081037421
289,0.0,0.0,0.42264973081037421
290,0.0,0.0,0.42264973081037421
291,1.0,0.57735026918962573,1.0
292,0.0,0.0,0.42264973081037421
293,0.0,0.0,0.42264973081037421
294,0.0,0.0,0.42264973081037421
295,0.0,0.0,0.42264973081037421
