position,mute_freq,lo_err,hi_err
227,1.0,0.69336127435063466,1.0
228,1.0,0.69336127435063466,1.0
229,1.0,0.69336127435063466,1.0
230,0.0,0.0,0.30663872564936534
231,0.0,0.0,0.30663872564936534
232,0.0,0.0,0.30663872564936534
233,0.0,0.0,0.30663872564936534
234,0.0,0.0,0.30663872564936534
235,0.0,0.0,0.30663872564936534
236,0.0,0.0,0.30663872564936534
237,1.0,0.69336127435063466,1.0
238,0.0,0.0,0.30663872564936534
239,0.0,0.0,0.30663872564936534
240,0.0,0.0,0.30663872564936534
241,0.0,0.0,0.30663872564936534
242,0.0,0.0,0.30663872564936534
243,0.0,0.0,0.30663872564936534
244,0.0,0.0,0.30663872564936534
245,0.0,0.0,0.30663872564936534
246,0.0,0.0,0.30663872564936534
247,0.0,0.0,0.30663872564936534
248,0.0,0.0,0.30663872564936534
249,0.0,0.0,0.30663872564936534
250,0.0,0.0,0.30663872564936534
251,0.0,0.0,0.30663872564936534
252,0.0,0.0,0.30663872564936534
253,0.0,0.0,0.30663872564936534
254,0.0,0.0,0.30663872564936534
255,0.0,0.0,0.30663872564936534
256,0.0,0.0,0.30663872564936534
257,0.0,0.0,0.30663872564936534
258,0.0,0.0,0.30663872564936534
259,1.0,0.69336127435063466,1.0
260,0.0,0.0,0.30663872564936534
261,0.0,0.0,0.30663872564936534
262,0.0,0.0,0.30663872564936534
263,0.0,0.0,0.30663872564936534
264,0.0,0.0,0.30663872564936534
265,0.0,0.0,0.30663872564936534
266,1.0,0.69336127435063466,1.0
267,0.0,0.0,0.30663872564936534
268,0.0,0.0,0.30663872564936534
269,0.0,0.0,0.30663872564936534
270,0.0,0.0,0.30663872564936534
271,0.0,0.0,0.30663872564936534
272,1.0,0.69336127435063466,1.0
273,0.0,0.0,0.30663872564936534
274,0.0,0.0,0.30663872564936534
275,0.0,0.0,0.30663872564936534
276,0.0,0.0,0.30663872564936534
277,0.0,0.0,0.30663872564936534
278,1.0,0.69336127435063466,1.0
279,0.0,0.0,0.30663872564936534
280,0.0,0.0,0.30663872564936534
281,0.0,0.0,0.30663872564936534
282,0.0,0.0,0.30663872564936534
283,0.0,0.0,0.30663872564936534
284,0.5,0.25914901474431468,0.74085098525568538
285,0.0,0.0,0.30663872564936534
286,0.0,0.0,0.30663872564936534
287,0.0,0.0,0.30663872564936534
288,0.0,0.0,0.30663872564936534
289,0.0,0.0,0.30663872564936534
290,0.0,0.0,0.30663872564936534
291,0.0,0.0,0.30663872564936534
292,0.0,0.0,0.30663872564936534
293,0.0,0.0,0.30663872564936534
294,0.0,0.0,0.30663872564936534
295,0.0,0.0,0.30663872564936534
