bin_low_edge,contents,binlabel,error
-1.5,0.0,,0.0
-0.5,0.045,,0.003872983346207417
0.5,0.23566666666666666,,0.008863157200205554
1.5,0.5966666666666667,,0.014102797200870787
2.5,0.021666666666666667,,0.0026874192494328497
3.5,0.050666666666666665,,0.004109609335312651
4.5,0.0026666666666666666,,0.0009428090415820634
5.5,0.005333333333333333,,0.0013333333333333333
6.5,0.007333333333333333,,0.0015634719199411433
7.5,0.026,,0.0029439202887759494
8.5,0.006,,0.001414213562373095
9.5,0.0013333333333333333,,0.0006666666666666666
10.5,0.0003333333333333333,,0.0003333333333333333
11.5,0.0003333333333333333,,0.0003333333333333333
12.5,0.001,,0.0005773502691896257
13.5,0.0,,0.0
