bin_low_edge,contents,binlabel,error
-1.5,0.0,,0.0
-0.5,0.037,,0.0035118845842842463
0.5,0.253,,0.00918331820930394
1.5,0.628,,0.014468356276140472
2.5,0.015,,0.00223606797749979
3.5,0.014,,0.0021602468994692866
4.5,0.011666666666666667,,0.0019720265943665386
5.5,0.005,,0.0012909944487358056
6.5,0.0023333333333333335,,0.0008819171036881969
7.5,0.011333333333333334,,0.0019436506316151002
8.5,0.0023333333333333335,,0.0008819171036881969
9.5,0.014666666666666666,,0.0022110831935702666
10.5,0.001,,0.0005773502691896257
11.5,0.001,,0.0005773502691896257
12.5,0.001,,0.0005773502691896257
13.5,0.0006666666666666666,,0.0004714045207910317
14.5,0.001,,0.0005773502691896257
15.5,0.0,,0.0
16.5,0.0006666666666666666,,0.0004714045207910317
17.5,0.0,,0.0
18.5,0.0003333333333333333,,0.0003333333333333333
19.5,0.0,,0.0
