bin_low_edge,contents,binlabel,error
-0.01,0.0,,0.0
0.0,0.32196162046908317,,0.010696458381870938
0.01,0.1812366737739872,,0.008025294805000863
0.02,0.07249466950959488,,0.005075642095623917
0.03,0.10660980810234541,,0.0061551201406143475
0.04,0.06325515280739161,,0.0047411741521415545
0.05,0.06432125088841507,,0.004780960926465426
0.06,0.03411513859275053,,0.0034818617523570405
0.07,0.04619758351101635,,0.004051796109094306
0.08,0.024520255863539446,,0.0029518919200135305
0.09,0.022743425728500355,,0.0028429282160625444
0.1,0.01101634683724236,,0.0019785943009346203
0.11,0.018834399431414357,,0.002587103727533944
0.12,0.008884150675195452,,0.0017768301350390902
0.13,0.006041222459132907,,0.001465211665109332
0.14,0.0024875621890547263,,0.0009402101318637493
0.15,0.0039090262970859985,,0.0011786157748242358
0.16,0.0035536602700781805,,0.001123766048389616
0.17,0.0021321961620469083,,0.0008704654380892601
0.18,0.0,,0.0
0.19,0.0024875621890547263,,0.0009402101318637493
0.2,0.00035536602700781805,,0.00035536602700781805
0.21,0.00035536602700781805,,0.00035536602700781805
0.22,0.0007107320540156361,,0.0005025634550010999
0.23,0.0,,0.0
0.24,0.0,,0.0
0.25,0.0007107320540156361,,0.0005025634550010999
0.26,0.0,,0.0
0.27,0.0010660980810234541,,0.0006155120140614347
0.28,0.0,,0.0
0.29,0.0,,0.0
0.3,0.0,,0.0
0.31,0.0,,0.0
0.32,0.0,,0.0
0.33,0.0,,0.0
0.34,0.0,,0.0
0.35000000000000003,0.0,,0.0
0.36,0.0,,0.0
0.37,0.0,,0.0
0.38,0.0,,0.0
0.39,0.0,,0.0
0.4,0.0,,0.0
