bin_low_edge,contents,binlabel,error
-1.5,0.0,,0.0
-0.5,1347.0,,36.701498607005135
0.5,791.0,,28.124722220850465
1.5,414.0,,20.346989949375804
2.5,165.0,,12.84523257866513
3.5,70.0,,8.366600265340756
4.5,26.0,,5.0990195135927845
5.5,0.0,,0.0
6.5,1.0,,1.0
7.5,0.0,,0.0
8.5,0.0,,0.0
9.5,0.0,,0.0
10.5,0.0,,0.0
11.5,0.0,,0.0
12.5,0.0,,0.0
13.5,0.0,,0.0
14.5,0.0,,0.0
