bin_low_edge,contents,binlabel,error
0.5,0.0,,0.0
1.5,0.0,,0.0007189666124639116
2.5,0.0,,0.000718554002474625
3.5,0.012006861063464836,,0.0025561236849298433
4.5,0.005145797598627788,,0.0017132375589572176
5.5,0.04631217838765009,,0.004875908128136694
6.5,0.0,,0.0007148617145151116
7.5,0.04516866781017725,,0.004818715924876142
8.5,0.004568817818389492,,0.0016208283069656727
9.5,0.002284408909194746,,0.0011908939180709267
10.5,0.003997715591090805,,0.0015249043559498869
11.5,0.0005711022272986865,,0.0007140463533092828
12.5,0.026270702455739578,,0.0037200526311638206
13.5,0.045688178183894916,,0.004842016322979783
14.5,0.0028555111364934323,,0.001311824767070149
15.5,0.03826384922901199,,0.004451918012634649
16.5,0.0,,0.0007140463533092827
17.5,0.0,,0.0007140463533092827
18.5,0.0,,0.0007140463533092827
19.5,0.00799543118218161,,0.0021048862606069213
20.5,0.0005711022272986865,,0.0007140463533092828
21.5,0.003997715591090805,,0.0015249043559498869
22.5,0.008566533409480296,,0.002174839509632892
23.5,0.005139920045688178,,0.0017112879528424691
24.5,0.0,,0.0007140463533092827
25.5,0.008566533409480296,,0.002174839509632892
26.5,0.005139920045688178,,0.0017112879528424691
27.5,0.0005711022272986865,,0.0007140463533092828
28.5,0.0,,0.0007140463533092827
29.5,0.034837235865219876,,0.004257513916543011
30.5,0.003997715591090805,,0.0015249043559498869
31.5,0.07024557395773844,,0.005917656491747907
32.5,0.003997715591090805,,0.0015249043559498869
33.5,0.001142204454597373,,0.0009013322092390072
34.5,0.026270702455739578,,0.0037200526311638206
35.5,0.03597944031981725,,0.004323447539356325
36.5,0.027984009137635636,,0.0038343938396593127
37.5,0.0005711022272986865,,0.0007140463533092828
38.5,0.03997715591090805,,0.004545487280726148
39.5,0.005139920045688178,,0.0017112879528424691
40.5,0.001142204454597373,,0.0009013322092390072
41.5,0.0,,0.0007140463533092827
42.5,0.0005711022272986865,,0.0007140463533092828
43.5,0.002284408909194746,,0.0011908939180709267
44.5,0.0,,0.0007140463533092827
45.5,0.0028555111364934323,,0.001311824767070149
46.5,0.0,,0.0007140463533092827
47.5,0.0005711022272986865,,0.0007140463533092828
48.5,0.008566533409480296,,0.002174839509632892
49.5,0.0005711022272986865,,0.0007140463533092828
50.5,0.0,,0.0
