bin_low_edge,contents,binlabel,error
-1.5,0.0,,0.0
-0.5,0.0,,0.2523113193555
0.5,0.0,,0.183122646272
1.5,0.125,,0.117456351186
2.5,0.0,,0.0991776932315
3.5,0.0,,0.051006183245
4.5,0.045454545454545456,,0.051006183245
5.5,0.09090909090909091,,0.0629028818705
6.5,0.0,,0.051006183245
7.5,0.0,,0.049015011069
8.5,0.0,,0.0438744976105
9.5,0.038461538461538464,,0.043874497611
10.5,0.07692307692307693,,0.0543109673905
11.5,0.038461538461538464,,0.043874497611
12.5,0.0,,0.0438744976105
13.5,0.038461538461538464,,0.043874497611
14.5,0.038461538461538464,,0.043874497611
15.5,0.038461538461538464,,0.043874497611
16.5,0.038461538461538464,,0.043874497611
17.5,0.0,,0.0438744976105
18.5,0.0,,0.0438744976105
19.5,0.0,,0.0438744976105
20.5,0.07692307692307693,,0.0543109673905
21.5,0.038461538461538464,,0.043874497611
22.5,0.11538461538461539,,0.06235291730650001
23.5,0.11538461538461539,,0.06235291730650001
24.5,0.0,,0.0438744976105
25.5,0.0,,0.0438744976105
26.5,0.07692307692307693,,0.0543109673905
27.5,0.0,,0.0438744976105
28.5,0.0,,0.0438744976105
29.5,0.038461538461538464,,0.043874497611
30.5,0.07692307692307693,,0.0543109673905
31.5,0.07692307692307693,,0.0543109673905
32.5,0.0,,0.0438744976105
33.5,0.0,,0.0438744976105
34.5,0.07692307692307693,,0.0543109673905
35.5,0.038461538461538464,,0.043874497611
36.5,0.038461538461538464,,0.043874497611
37.5,0.0,,0.0438744976105
38.5,0.0,,0.0438744976105
39.5,0.11538461538461539,,0.06235291730650001
40.5,0.15384615384615385,,0.0688302556755
41.5,0.0,,0.0438744976105
42.5,0.0,,0.0438744976105
43.5,0.038461538461538464,,0.043874497611
44.5,0.038461538461538464,,0.043874497611
45.5,0.07692307692307693,,0.0543109673905
46.5,0.038461538461538464,,0.043874497611
47.5,0.038461538461538464,,0.043874497611
48.5,0.0,,0.0438744976105
49.5,0.0,,0.0438744976105
50.5,0.0,,0.0438744976105
51.5,0.0,,0.0
