bin_low_edge,contents,binlabel,error
-1.5,0.0,,0.0
-0.5,0.0,,0.0919851157105
0.5,0.0,,0.0919851157105
1.5,0.0,,0.0919851157105
2.5,0.0,,0.0919851157105
3.5,0.0,,0.075498116454
4.5,0.0,,0.075498116454
5.5,0.0,,0.075498116454
6.5,0.07142857142857142,,0.075498116454
7.5,0.0,,0.075498116454
8.5,0.0,,0.075498116454
9.5,0.0,,0.075498116454
10.5,0.21428571428571427,,0.10324366937599999
11.5,0.0,,0.075498116454
12.5,0.0,,0.075498116454
13.5,0.0,,0.075498116454
14.5,0.0,,0.075498116454
15.5,0.0,,0.075498116454
16.5,0.0,,0.075498116454
17.5,0.0,,0.075498116454
18.5,0.0,,0.075498116454
19.5,0.0,,0.075498116454
20.5,0.21428571428571427,,0.10324366937599999
21.5,0.0,,0.075498116454
22.5,0.07142857142857142,,0.075498116454
23.5,0.0,,0.075498116454
24.5,0.0,,0.075498116454
25.5,0.0,,0.075498116454
26.5,0.0,,0.075498116454
27.5,0.0,,0.075498116454
28.5,0.0,,0.075498116454
29.5,0.0,,0.075498116454
30.5,0.0,,0.075498116454
31.5,0.14285714285714285,,0.09178198465349999
32.5,0.21428571428571427,,0.10324366937599999
33.5,0.0,,0.075498116454
34.5,0.14285714285714285,,0.09178198465349999
35.5,0.0,,0.075498116454
36.5,0.0,,0.075498116454
37.5,0.0,,0.075498116454
38.5,0.0,,0.075498116454
39.5,0.0,,0.075498116454
40.5,0.0,,0.075498116454
41.5,0.0,,0.075498116454
42.5,0.0,,0.075498116454
43.5,0.07142857142857142,,0.075498116454
44.5,0.0,,0.075498116454
45.5,0.21428571428571427,,0.10324366937599999
46.5,0.21428571428571427,,0.10324366937599999
47.5,0.0,,0.075498116454
48.5,0.21428571428571427,,0.10324366937599999
49.5,0.0,,0.0
