bin_low_edge,contents,binlabel,error
-0.01,0.0,,0.0
0.0,0.2813333333333333,,0.009683892697555966
0.01,0.5506666666666666,,0.013548267621934383
0.02,0.08733333333333333,,0.005395471352079549
0.03,0.006333333333333333,,0.001452966314513558
0.04,0.004666666666666667,,0.0012472191289246471
0.05,0.005666666666666667,,0.0013743685418725535
0.06,0.008,,0.001632993161855452
0.07,0.006333333333333333,,0.001452966314513558
0.08,0.009666666666666667,,0.0017950549357115013
0.09,0.017666666666666667,,0.0024267032964268393
0.1,0.010333333333333333,,0.0018559214542766737
0.11,0.005333333333333333,,0.0013333333333333333
0.12,0.002,,0.000816496580927726
0.13,0.002,,0.000816496580927726
0.14,0.0003333333333333333,,0.0003333333333333333
0.15,0.0,,0.0
0.16,0.0006666666666666666,,0.0004714045207910317
0.17,0.0006666666666666666,,0.0004714045207910317
0.18,0.0,,0.0
0.19,0.0003333333333333333,,0.0003333333333333333
0.2,0.0,,0.0
0.21,0.0,,0.0
0.22,0.0,,0.0
0.23,0.0,,0.0
0.24,0.0,,0.0
0.25,0.0,,0.0
0.26,0.0,,0.0
0.27,0.0,,0.0
0.28,0.0,,0.0
0.29,0.0,,0.0
0.3,0.0,,0.0
0.31,0.0,,0.0
0.32,0.0,,0.0
0.33,0.0,,0.0
0.34,0.0,,0.0
0.35000000000000003,0.0,,0.0
0.36,0.0,,0.0
0.37,0.0,,0.0
0.38,0.0,,0.0
0.39,0.0006666666666666666,,0.0004714045207910317
0.4,0.0,,0.0
