bin_low_edge,contents,binlabel,error
-0.01,0.0,,0.0
0.0,0.23966666666666667,,0.008938058451861281
0.01,0.519,,0.013152946437965907
0.02,0.149,,0.007047458170621991
0.03,0.018666666666666668,,0.0024944382578492943
0.04,0.006,,0.001414213562373095
0.05,0.006,,0.001414213562373095
0.06,0.008,,0.001632993161855452
0.07,0.005333333333333333,,0.0013333333333333333
0.08,0.012,,0.002
0.09,0.013333333333333334,,0.0021081851067789197
0.1,0.009333333333333334,,0.0017638342073763938
0.11,0.005,,0.0012909944487358056
0.12,0.005,,0.0012909944487358056
0.13,0.0016666666666666668,,0.00074535599249993
0.14,0.0,,0.0
0.15,0.0,,0.0
0.16,0.0,,0.0
0.17,0.0003333333333333333,,0.0003333333333333333
0.18,0.0003333333333333333,,0.0003333333333333333
0.19,0.0006666666666666666,,0.0004714045207910317
0.2,0.0,,0.0
0.21,0.0,,0.0
0.22,0.0,,0.0
0.23,0.0,,0.0
0.24,0.0,,0.0
0.25,0.0,,0.0
0.26,0.0,,0.0
0.27,0.0,,0.0
0.28,0.0,,0.0
0.29,0.0,,0.0
0.3,0.0,,0.0
0.31,0.0,,0.0
0.32,0.0,,0.0
0.33,0.0,,0.0
0.34,0.0,,0.0
0.35000000000000003,0.0,,0.0
0.36,0.0,,0.0
0.37,0.0,,0.0
0.38,0.0,,0.0
0.39,0.0006666666666666666,,0.0004714045207910317
0.4,0.0,,0.0
