bin_low_edge,contents,binlabel,error
-1.5,0.0,,0.0
-0.5,2.0,,1.4142135623730951
0.5,91.0,,9.539392014169456
1.5,0.0,,0.0
