bin_low_edge,contents,binlabel,error
2.5,0.0,,0.0
3.5,0.0,,0.2523113193555
4.5,0.0,,0.2523113193555
5.5,1.0,,0.21132486540518708
6.5,0.0,,0.2523113193555
7.5,0.0,,0.2523113193555
8.5,0.0,,0.2523113193555
9.5,0.0,,0.2523113193555
10.5,0.0,,0.2523113193555
11.5,1.0,,0.21132486540518708
12.5,0.0,,0.2523113193555
13.5,1.0,,0.21132486540518708
14.5,0.0,,0.2523113193555
15.5,1.0,,0.21132486540518708
16.5,0.5,,0.24085098525600002
17.5,0.0,,0.2408509852555
18.5,0.5,,0.24085098525600002
19.5,0.5,,0.24085098525600002
20.5,0.0,,0.2408509852555
21.5,0.5,,0.24085098525600002
22.5,0.0,,0.2408509852555
23.5,0.0,,0.2408509852555
24.5,0.0,,0.2408509852555
25.5,0.0,,0.2408509852555
26.5,0.5,,0.24085098525600002
27.5,0.0,,0.2408509852555
28.5,0.0,,0.2408509852555
29.5,0.0,,0.2408509852555
30.5,0.0,,0.2408509852555
31.5,0.0,,0.2408509852555
32.5,0.0,,0.2408509852555
33.5,0.0,,0.2408509852555
34.5,1.0,,0.15331936282468261
35.5,0.0,,0.2408509852555
36.5,0.0,,0.2408509852555
37.5,0.0,,0.2408509852555
38.5,0.0,,0.2408509852555
39.5,0.0,,0.2408509852555
40.5,0.0,,0.2408509852555
41.5,0.0,,0.2408509852555
42.5,0.5,,0.24085098525600002
43.5,0.0,,0.2408509852555
44.5,0.5,,0.24085098525600002
45.5,0.0,,0.2408509852555
46.5,0.0,,0.2408509852555
47.5,0.0,,0.2408509852555
48.5,0.0,,0.2408509852555
49.5,0.0,,0.2408509852555
50.5,0.0,,0.2408509852555
51.5,0.0,,0.2408509852555
52.5,0.0,,0.2408509852555
53.5,0.0,,0.2408509852555
54.5,0.0,,0.2408509852555
55.5,0.0,,0.2408509852555
56.5,0.0,,0.2408509852555
57.5,0.5,,0.24085098525600002
58.5,0.0,,0.2408509852555
59.5,0.0,,0.2408509852555
60.5,0.0,,0.2408509852555
61.5,0.0,,0.0
