bin_low_edge,contents,binlabel,error
-1.5,0.0,,0.0
-0.5,0.0,,0.0580803264585
0.5,0.0,,0.0020678759055
1.5,0.006600660066006601,,0.0034262584150000002
2.5,0.0,,0.0020178859775
3.5,0.04186795491143317,,0.007849209546000002
4.5,0.004594180704441042,,0.002822458021
5.5,0.01984732824427481,,0.005389046008499999
6.5,0.06797583081570997,,0.009505507119999996
7.5,0.007194244604316547,,0.0032922022965
8.5,0.11366906474820145,,0.011664057589
9.5,0.0027063599458728013,,0.0021306627065
10.5,0.004043126684636119,,0.0024855034594999997
11.5,0.008053691275167786,,0.0033303090755000004
12.5,0.013404825737265416,,0.004195427622000001
13.5,0.010723860589812333,,0.003786855579999999
14.5,0.03871829105473965,,0.006879134226499998
15.5,0.06008010680907877,,0.0084397614925
16.5,0.024,,0.005490894857
17.5,0.006666666666666667,,0.003052219344
18.5,0.0,,0.0016639119655
19.5,0.0,,0.0016639119655
20.5,0.0,,0.0016639119655
21.5,0.0013333333333333333,,0.0016639119655000004
22.5,0.009333333333333334,,0.0035452610315
23.5,0.05733333333333333,,0.008253916413500002
24.5,0.004,,0.0024591144405000003
25.5,0.0013333333333333333,,0.0016639119655000004
26.5,0.005333333333333333,,0.0027719131945000003
27.5,0.006666666666666667,,0.003052219344
28.5,0.004,,0.0024591144405000003
29.5,0.012,,0.003975511991
30.5,0.048,,0.0076007363009999995
31.5,0.008,,0.0033082548705
32.5,0.010666666666666666,,0.0037668209000000005
33.5,0.013333333333333334,,0.0041732618645
34.5,0.016,,0.004541571571999999
35.5,0.07066666666666667,,0.009085515016499998
36.5,0.028,,0.0059036083505
37.5,0.05333333333333334,,0.007982188086
38.5,0.064,,0.008682855144000003
39.5,0.034666666666666665,,0.00652704311
40.5,0.010666666666666666,,0.0037668209000000005
41.5,0.0,,0.0016639119655
42.5,0.06266666666666666,,0.0085992920675
43.5,0.06266666666666666,,0.0085992920675
44.5,0.0,,0.0016639119655
45.5,0.012,,0.003975511991
46.5,0.010666666666666666,,0.0037668209000000005
47.5,0.042666666666666665,,0.007194200735
48.5,0.064,,0.008682855144000003
49.5,0.0013333333333333333,,0.0016639119655000004
50.5,0.014666666666666666,,0.004361556808999999
51.5,0.02266666666666667,,0.0053454251285
52.5,0.0,,0.0
