bin_low_edge,contents,binlabel,error
-1.5,0.0,,0.0
-0.5,0.0,,0.2408509852555
0.5,0.0,,0.143604373362
1.5,0.0078125,,0.009594825589
2.5,0.006756756756756757,,0.0083197988745
3.5,0.0,,0.007801437095
4.5,0.0,,0.007801437095
5.5,0.0,,0.007801437095
6.5,0.03164556962025317,,0.0141660249845
7.5,0.08227848101265822,,0.021418019664999996
8.5,0.02531645569620253,,0.012898190505
9.5,0.006329113924050633,,0.0078014370950000005
10.5,0.006329113924050633,,0.0078014370950000005
11.5,0.006329113924050633,,0.0078014370950000005
12.5,0.0,,0.007801437095
13.5,0.02531645569620253,,0.012898190505
14.5,0.02531645569620253,,0.012898190505
15.5,0.006329113924050633,,0.0078014370950000005
16.5,0.0189873417721519,,0.0114719113585
17.5,0.0,,0.007801437095
18.5,0.0,,0.007753131315
19.5,0.012578616352201259,,0.009758666569
20.5,0.006289308176100629,,0.0077531313145
21.5,0.006289308176100629,,0.0077531313145
22.5,0.012578616352201259,,0.009758666569
23.5,0.0,,0.007753131315
24.5,0.031446540880503145,,0.014079463426499999
25.5,0.0440251572327044,,0.0162695770975
26.5,0.0,,0.007753131315
27.5,0.018867924528301886,,0.011401338930499999
28.5,0.0,,0.007753131315
29.5,0.0,,0.007753131315
30.5,0.0,,0.007753131315
31.5,0.1069182389937107,,0.02387482361550001
32.5,0.0,,0.007753131315
33.5,0.006289308176100629,,0.0077531313145
34.5,0.006289308176100629,,0.0077531313145
35.5,0.0,,0.007753131315
36.5,0.0,,0.007753131315
37.5,0.012578616352201259,,0.009758666569
38.5,0.0,,0.007753131315
39.5,0.012578616352201259,,0.009758666569
40.5,0.012578616352201259,,0.009758666569
41.5,0.0,,0.007753131315
42.5,0.0,,0.007753131315
43.5,0.11320754716981132,,0.024455121493999997
44.5,0.0,,0.007753131315
45.5,0.0,,0.007753131315
46.5,0.025157232704402517,,0.012819108247
47.5,0.0,,0.007753131315
48.5,0.025157232704402517,,0.012819108247
49.5,0.012578616352201259,,0.009758666569
50.5,0.0,,0.007753131315
51.5,0.006289308176100629,,0.0077531313145
52.5,0.006289308176100629,,0.0077531313145
53.5,0.03773584905660377,,0.0152213308495
54.5,0.018867924528301886,,0.011401338930499999
55.5,0.006289308176100629,,0.0077531313145
56.5,0.006289308176100629,,0.0077531313145
57.5,0.050314465408805034,,0.017241236127000004
58.5,0.006289308176100629,,0.0077531313145
59.5,0.025157232704402517,,0.012819108247
60.5,0.018867924528301886,,0.011401338930499999
61.5,0.0,,0.0
