position,mute_freq,lo_err,hi_err
0,0.0,0.0,0.0048493202174129148
1,0.0,0.0,0.0012490626029386133
2,0.04221635883905013,0.037204463124100008,0.048802137734203499
3,0.2849250197316496,0.27299556423571375,0.29751805179386903
4,0.1481958762886598,0.13991243638519721,0.15736566535898966
5,0.13893376413570274,0.1315472206569244,0.14708072339093459
6,0.08054298642533937,0.075308570403913769,0.086519813718999417
7,0.018154311649016642,0.015983546168129026,0.021038109520796322
8,0.014721723518850987,0.012838593633194189,0.017286652018582149
9,0.1535788742182071,0.14731204894975036,0.16031660344516097
10,0.17055837563451776,0.16408267796966386,0.17747023324966293
11,0.1378413524057217,0.13205752605152157,0.14408580536535098
12,0.10124164278892073,0.096280838159507484,0.10669913860368008
13,0.08742999377722464,0.08285824533848074,0.092503973215753654
14,0.10442477876106195,0.099569978431025719,0.10973613186355868
15,0.16245593419506463,0.15653333977348366,0.16876650007298466
16,0.1239813736903376,0.11875522408723906,0.12963569614817794
17,0.22261072261072262,0.21589997926469912,0.22963769470095163
18,0.25271499853243323,0.24565557498389495,0.2600583986060746
19,0.2671800947867299,0.25994893358215343,0.27468107479089632
20,0.28634103539046507,0.27898562012604378,0.29394095082438554
21,0.3227561196736174,0.31499998913290167,0.33072181766984765
22,0.061124694376528114,0.057331253649965275,0.065442929500733604
23,0.11654940348730498,0.11134792751207133,0.1222098099157698
24,0.09432717678100264,0.089451076215874475,0.099726737585525638
25,0.1702595688517378,0.16291635890831807,0.17817021995231297
26,0.2619775739041794,0.25261414496551415,0.27181547488326296
27,0.09227348526959422,0.086109536153141014,0.099323790544464163
28,0.3305722891566265,0.31834104209721398,0.34330229518865929
29,0.11554109031733116,0.10732424998449917,0.12498077692669551
30,0.0,0.0,0.0014815091572118952
