position,mute_freq,lo_err,hi_err
0,0.0,0.0,0.035957993026439462
1,0.0,0.0,0.010120772783859082
2,0.08461538461538462,0.066831169502483107,0.1147461645422676
3,0.18120805369127516,0.15483680835642419,0.21585756860915772
4,0.20212765957446807,0.17690471966149299,0.23349567636625534
5,0.14227642276422764,0.12352118406615295,0.16668419200537643
6,0.24758842443729903,0.22553133593068533,0.27280475546155047
7,0.03038674033149171,0.023976208681846273,0.041854129834255183
8,0.06282722513089005,0.052943897513919758,0.077171079385767172
9,0.1328125,0.11789704349491383,0.15145432937325598
10,0.22900763358778625,0.20986841369932752,0.25083412111596082
11,0.1651376146788991,0.14942839439755984,0.18384137448930316
12,0.13501144164759726,0.12080605075264801,0.15247342048506096
13,0.13733905579399142,0.12341522688528549,0.15429807247955407
14,0.2095435684647303,0.1927966621523505,0.22864086440944908
15,0.23492723492723494,0.21731921089896217,0.25468466794129896
16,0.11618257261410789,0.10358872758496901,0.13188248943096093
17,0.23236514522821577,0.21485507425069555,0.25204091603528245
18,0.35578947368421054,0.33516904643347534,0.37759395941080187
19,0.25,0.23177327841639242,0.27029241152609262
20,0.2551867219917012,0.23698899376912219,0.27536546599656653
21,0.39293139293139295,0.37186287966532672,0.41486807791271008
22,0.07929515418502203,0.068774656049592278,0.093429679794741927
23,0.06935123042505593,0.059532544555085595,0.082927204519025355
24,0.26146788990825687,0.24220261172853624,0.2828661794580114
25,0.20865139949109415,0.19028171835433574,0.22991023297015001
26,0.3370165745856354,0.31391353875823602,0.36187350699169341
27,0.1792452830188679,0.16040465045414951,0.20201281722058684
28,0.36704119850187267,0.33956662698272039,0.39645229609069033
29,0.04819277108433735,0.038337501697009543,0.06510481910442123
30,0.0,0.0,0.00701764697134753
