position,mute_freq,lo_err,hi_err
0,0.0,0.0,0.0018826377690937524
1,0.25076452599388377,0.23788011117358415,0.26464170142302201
2,0.0913312693498452,0.084185998762098785,0.099713110074707956
3,0.15560391730141457,0.14778988002027171,0.16415075068221907
4,0.08848245180425111,0.082766422175357693,0.094994107870410849
5,0.0668141592920354,0.062100938793645317,0.072277147377423523
6,0.06707086017430845,0.062675704632740997,0.072107792688029471
7,0.13227334235453314,0.12648725877913214,0.13854611056938593
8,0.08939292861907938,0.084616882483937075,0.094704808093746151
9,0.1469240837696335,0.14095386832025672,0.15334631032589685
10,0.27507073247406477,0.26755105178261612,0.28286705819303448
11,0.11206896551724138,0.10694617042940774,0.11765905416350464
12,0.07556368068251067,0.071350212206258451,0.080283128118856628
13,0.08092485549132948,0.0765694180289129,0.08577912006519639
14,0.04945054945054945,0.045958892114852268,0.053511945170161113
15,0.047417992854822996,0.043994111852882496,0.051416970522154881
16,0.07183427998663548,0.067544013582637508,0.076684230615141957
17,0.11201079622132254,0.1066607658608575,0.11787294543417937
18,0.06200207828195359,0.057951697162639114,0.066646009058963895
19,0.04153354632587859,0.038207436550427916,0.045496388157321932
20,0.08014705882352942,0.075408386186486515,0.085489596467938744
21,0.1501736111111111,0.14326960757944041,0.15767152904140536
22,0.20931372549019608,0.20088001596521754,0.21830475236215852
23,0.11500291885580852,0.10798129421370514,0.12290345549997461
24,0.07940074906367041,0.072846222424666845,0.08718701831325848
25,0.09264853977844914,0.084534325960160681,0.10236584205826316
26,0.19187675070028012,0.17846618514566123,0.20697249314551069
27,0.10828025477707007,0.097480848963671776,0.12151473704030924
28,0.2276657060518732,0.20744358489886894,0.25094460316453548
29,0.3979591836734694,0.3653042881064516,0.43263383878269346
30,0.0,0.0,0.0069291244753480266
