position,mute_freq,lo_err,hi_err
0,0.0,0.0,0.025225506050319507
1,0.0,0.0,0.009675124528255254
2,0.18552036199095023,0.16300147300026932,0.21356589267292991
3,0.16194331983805668,0.14191506699961576,0.18729171784734056
4,0.055762081784386616,0.04524361535511346,0.072705833774352135
5,0.056847545219638244,0.047580055833786855,0.070578559049274237
6,0.09276018099547512,0.081159064406574291,0.10795415004915287
7,0.03896103896103896,0.032076700792075669,0.049738441131857547
8,0.02012072434607646,0.015737644156477621,0.028272893898061868
9,0.052313883299798795,0.044324813687258442,0.063817525231242511
10,0.02631578947368421,0.021656255082635686,0.033680368767325386
11,0.05916305916305916,0.051689676243857431,0.069120674456514597
12,0.3223965763195435,0.30583239233977716,0.33995004898428849
13,0.04372355430183357,0.037492750240635343,0.052467879589662259
14,0.2206703910614525,0.206447011574317,0.23641720189466309
15,0.14664804469273743,0.13481592508700943,0.16040735454985855
16,0.1464088397790055,0.13464623698701611,0.16007867929533826
17,0.1009421265141319,0.09127994660296157,0.1127019430016073
18,0.0,0.0,0.0014617964302717302
19,0.18,0.16684600411149397,0.19493905120938726
20,0.0974124809741248,0.087392633631835095,0.10982481525045795
21,0.12144212523719165,0.10905779321978261,0.13662921110698623
22,0.3447488584474886,0.32351179031392119,0.36736788563283207
23,0.13399503722084366,0.11932713357940787,0.15220293757014747
24,0.1299638989169675,0.11297362288937059,0.15215106824443947
25,0.25225225225225223,0.22629047083905796,0.28254826384137133
26,0.1693121693121693,0.14630981523445741,0.19910108164663332
27,0.0,0.0,0.010925995827829311
