position,mute_freq,lo_err,hi_err
0,0.0,0.0,0.00065101045987575232
1,0.2557874762808349,0.24774784593281668,0.26418966545466149
2,0.08483806248208656,0.080504666880864301,0.089637029927779666
3,0.07137176938369781,0.068024935670320752,0.075052067175991777
4,0.13336558619577488,0.12930428395364432,0.13765827128869579
5,0.1716617419445617,0.16742486896696057,0.17607941949840644
6,0.18337730870712401,0.17935181132093242,0.1875514235894804
7,0.09645151100347478,0.093603629267183922,0.099465700324081752
8,0.2668174665617624,0.26261922891069739,0.27110546074218911
9,0.057316623663840764,0.055237034124064131,0.059555874017319654
10,0.07816818002368733,0.075925379308836582,0.080541344565612016
11,0.19786814054480853,0.19449017443365735,0.20133947766570237
12,0.12510866988066072,0.1223211149659458,0.12801219152096233
13,0.08730723606168446,0.084942219650526438,0.089799993527119981
14,0.04914141014481285,0.04735025975698047,0.051072204254004716
15,0.016031746031746032,0.015022852908746095,0.017190982291250045
16,0.03696016604135068,0.035400865742873641,0.03866414278505359
17,0.06129241760025978,0.059270722758683801,0.063453510696035997
18,0.08266957323719293,0.080298211473779676,0.085177886881918186
19,0.0437364501838062,0.041898767020998304,0.045742461448512128
20,0.32518388065886256,0.32060714428279991,0.32983149651469079
21,0.08146232514399906,0.078688729533899687,0.084428474803441733
22,0.11358795967627432,0.11003700064289151,0.11735363637402096
23,0.15827803851755948,0.15389400326238648,0.16287850167234164
24,0.09433608402100525,0.090611292754684075,0.098358602359097436
25,0.0538073504684122,0.050630474524060956,0.057403624322676761
26,0.19058515854854527,0.18391339313514815,0.19765264983597786
27,0.048243921265920496,0.044504721756415427,0.052665218315780415
28,0.19846153846153847,0.18821529417456487,0.20961455110349436
29,0.24357656731757452,0.23078594471260741,0.25739696546567159
30,0.0,0.0,0.0016581589121774094
