position,mute_freq,lo_err,hi_err
0,0.0,0.0,0.039872647077782701
1,0.38461538461538464,0.303525676893667,0.48196684244716337
2,0.038461538461538464,0.027215670077312647,0.11496466529867688
3,0.11538461538461539,0.080166585349142408,0.2048724199623293
4,0.15384615384615385,0.10942745226244785,0.2470879636129808
5,0.11538461538461539,0.080166585349142408,0.2048724199623293
6,0.11538461538461539,0.080166585349142408,0.2048724199623293
7,0.0,0.0,0.039872647077782701
8,0.0,0.0,0.039872647077782701
9,0.038461538461538464,0.027215670077312647,0.11496466529867688
10,0.0,0.0,0.039872647077782701
11,0.23076923076923078,0.17120091914879809,0.32829434989194162
12,0.0,0.0,0.039872647077782701
13,0.0,0.0,0.039872647077782701
14,0.07692307692307693,0.052480937726096431,0.16110287250722977
15,0.0,0.0,0.039872647077782701
16,0.038461538461538464,0.027215670077312647,0.11496466529867688
17,0.3076923076923077,0.23613388251382816,0.40635676419932809
18,0.15384615384615385,0.10942745226244785,0.2470879636129808
19,0.038461538461538464,0.027215670077312647,0.11496466529867688
20,0.23076923076923078,0.17120091914879809,0.32829434989194162
21,0.11538461538461539,0.080166585349142408,0.2048724199623293
22,0.0,0.0,0.039872647077782701
23,0.0,0.0,0.039872647077782701
24,0.11538461538461539,0.080166585349142408,0.2048724199623293
25,0.2692307692307692,0.20332832852224325,0.3676634605902207
26,0.15384615384615385,0.10942745226244785,0.2470879636129808
27,0.23076923076923078,0.17120091914879809,0.32829434989194162
28,0.0,0.0,0.039872647077782701
29,1.0,0.57735026918962573,1.0
30,0.0,0.0,0.42264973081037421
