position,mute_freq,lo_err,hi_err
0,0.0,0.0,0.16731682234439568
1,0.36363636363636365,0.27940062446313407,0.47032286049018868
2,0.0,0.0,0.046642916782950371
3,0.34615384615384615,0.26954898334046401,0.44444207685436343
4,0.21875,0.1652073427241765,0.30490179510023963
5,0.0625,0.042845548289198294,0.13296706760327437
6,0.0625,0.042845548289198294,0.13296706760327437
7,0.0,0.0,0.029255740656527425
8,0.0,0.0,0.02709156513053141
9,0.38461538461538464,0.31649285312973718,0.46381596693999017
10,0.07142857142857142,0.050008146051614043,0.13123539323078814
11,0.09090909090909091,0.06505932666037291,0.1517854976984192
12,0.23076923076923078,0.18453431177095392,0.29660819489608214
13,0.17543859649122806,0.13755603162771307,0.23494680933579648
14,0.04716981132075472,0.034583473544482324,0.076224384337280848
15,0.04060913705583756,0.031117322977979135,0.059155761868461498
16,0.39593908629441626,0.36341253895900633,0.43051501637216549
17,0.01675977653631285,0.012983526570068639,0.024050022369347723
18,0.07456140350877193,0.066023960839974305,0.085527672057352788
19,0.05420827389443652,0.047127955655089614,0.06377218911091409
20,0.15625,0.14396083472620663,0.17044585555859526
21,0.263448275862069,0.24827156362866273,0.27989912721518051
22,0.2963917525773196,0.28105957015161204,0.3127487128957519
23,0.31829896907216493,0.30259545638620583,0.3349169968662894
24,0.4961340206185567,0.47880204051028347,0.51348545836508586
25,0.6568501920614597,0.64004079708663986,0.67287519220451086
26,0.4737516005121639,0.45655422572145338,0.49108024076709478
27,0.47759282970550576,0.46037940266313687,0.49491831262828223
28,0.19260204081632654,0.17974602220249239,0.20698949510508158
29,0.07741935483870968,0.067142304353758106,0.091241002290604944
30,0.24605678233438485,0.22425161162500801,0.27098054034621177
31,0.2773722627737226,0.25284941754789658,0.30505540754201066
32,0.33755274261603374,0.30927184342036984,0.36849695847911446
33,0.0990990990990991,0.083086517851862079,0.12212676174803949
34,0.335,0.30444514610801493,0.36875610044668583
35,0.14594594594594595,0.12450050641121262,0.17481340879376239
36,0.0,0.0,0.0091133220538866227
