position,mute_freq,lo_err,hi_err
0,0.0,0.0,0.019426894369263731
1,0.11940298507462686,0.091477400314623508,0.16900551568944178
2,0.27586206896551724,0.23479217657261481,0.32681673366950492
3,0.1694915254237288,0.14147230443381859,0.20831529775460156
4,0.16083916083916083,0.13567726407665864,0.19517366486464904
5,0.05339805825242718,0.042149801802765813,0.07306572722883109
6,0.053231939163498096,0.042931592839444553,0.070140826325652106
7,0.15402843601895735,0.13861775435375251,0.17263524757089332
8,0.09425287356321839,0.082470407895122819,0.10967239013200469
9,0.011286681715575621,0.0082943723083899763,0.018586402766138987
10,0.07432432432432433,0.064083946185390497,0.088303535559524082
11,0.15315315315315314,0.13813280397290584,0.17121957199687321
12,0.06981981981981981,0.059935989391550364,0.083482107587240395
13,0.22747747747747749,0.20944611595307486,0.24790208809527947
14,0.0,0.0,0.0024657467001049892
15,0.15625,0.13941911515794553,0.17688489236451477
16,0.0,0.0,0.0042003960407960856
