position,mute_freq,lo_err,hi_err
0,0.0,0.0,0.095048424478069507
1,0.0,0.0,0.053449177359840713
2,0.1,0.067711501514841468,0.20430090598383566
3,0.16,0.11373919062368057,0.2560046934133523
4,0.28,0.21146779100537688,0.38070138628949279
5,0.08,0.054524784052347064,0.1669900152544691
6,0.03571428571428571,0.025329451912007177,0.10734191198479504
7,0.25,0.18880046984504098,0.34407574579439792
8,0.7857142857142857,0.69287491885809982,0.84097587796118678
9,0.20930232558139536,0.16244852428530551,0.28158032316813875
10,0.11320754716981132,0.084230482554143421,0.16984988709313154
11,0.21978021978021978,0.18387461842110012,0.26751183853749227
12,0.27972027972027974,0.24655382414792049,0.3188433866185828
13,0.1888111888111888,0.16139239904919711,0.22464567122504453
14,0.14189189189189189,0.11875157160921508,0.17439426493840415
15,0.08843537414965986,0.070929713251488391,0.11677531712278455
16,0.06666666666666667,0.052172773689520509,0.092344339639439221
17,0.08904109589041095,0.071416757475686515,0.1175569688198862
18,0.22535211267605634,0.19527046558504962,0.26291258261052775
19,0.35036496350364965,0.31328704476060687,0.39166402567608549
20,0.2975206611570248,0.26078113595604036,0.34071662155456084
21,0.40869565217391307,0.36623607923687629,0.45421610035106519
22,0.20175438596491227,0.17051867639768051,0.24307626558797579
23,0.29292929292929293,0.25301646662017802,0.34088656566020037
24,0.1276595744680851,0.1017539611273815,0.16879050209080559
25,0.3188405797101449,0.27018368783932228,0.37751853763171117
26,0.03571428571428571,0.024705436228359537,0.078260083939645009
27,0.34285714285714286,0.27540605163391291,0.42703701231410163
28,0.3142857142857143,0.2498888023801607,0.39845378218554739
29,0.0,0.0,0.038476384513692813
