position,mute_freq,lo_err,hi_err
0,0.0,0.0,0.02411800477915339
1,0.0,0.0,0.018448255919030702
2,0.3218390804597701,0.27774783543046366,0.37378715239609039
3,0.37623762376237624,0.33237092840316079,0.42481855520544298
4,0.08387096774193549,0.067260186413272138,0.11087727266152525
5,0.15706806282722513,0.13505582005491912,0.18604524737987738
6,0.2,0.17788203935815672,0.22678275706571482
7,0.23367697594501718,0.2114969803342901,0.25941807633418135
8,0.06031746031746032,0.049914967726052938,0.076155347339389112
9,0.05637982195845697,0.046649544655170884,0.071238056897081625
10,0.07536231884057971,0.063914725160142002,0.091604674352109949
11,0.2457627118644068,0.22505670027387156,0.2692662031965799
12,0.14565826330532214,0.1295121314234213,0.16567100083941999
13,0.15512465373961218,0.13854158153390986,0.17542949969897614
14,0.0,0.0,0.0030386213537152984
15,0.10283687943262411,0.088000232987927224,0.12315341869981911
16,0.0,0.0,0.0044923882802442635
