position,mute_freq,lo_err,hi_err
0,0.0,0.0,0.00068984504331852836
1,0.27269124058660327,0.2642922969457337,0.28144261752368405
2,0.04920863309352518,0.045907767849791808,0.053017072075614236
3,0.09344790547798067,0.089490339506012762,0.09774722932709301
4,0.11844135802469136,0.11424294016095281,0.12292780269235459
5,0.1186845489619695,0.11458004220021764,0.12306320652238412
6,0.2207856787667827,0.21571046278690095,0.22604201161998572
7,0.11815881050300538,0.1143489488626844,0.12220504131175225
8,0.16418825693699218,0.15985163553348983,0.16872634972165856
9,0.050666666666666665,0.048212710067949111,0.053381143267262177
10,0.051289046514800166,0.048914914070984805,0.053902724348756759
11,0.07983362404400912,0.076905823531017062,0.082982058664117675
12,0.22342389870746504,0.21886765803936961,0.22812290089313936
13,0.16032012391893635,0.15637310820264141,0.16443874050617047
14,0.28290993071593534,0.27802918864078979,0.2878996817449615
15,0.17763578274760383,0.17353647121760507,0.18189632448066795
16,0.1537868072521538,0.14991640728183531,0.15783143413393352
17,0.1814997405293202,0.17733354292423525,0.18582765319930705
18,0.09071813049757123,0.0876389507970603,0.094007602033650439
19,0.08288554540569586,0.079902881282459357,0.086087505677181042
20,0.15107212475633527,0.14707894508578978,0.15525544115556822
21,0.10017136625642624,0.096667261761948717,0.10391923595657671
22,0.08532240826505165,0.081858702551459828,0.089075173942065655
23,0.11891671757279576,0.11459927870380791,0.12353781011189835
24,0.059814294968689265,0.056626439503090271,0.063374102647120956
25,0.09791723018663781,0.093399437573768174,0.10286056872464155
26,0.13557929334428923,0.12915773244985468,0.14258652663255011
27,0.10238907849829351,0.096288162725411283,0.10924824284244916
28,0.2897727272727273,0.27837428436854011,0.30175491679890365
29,0.3862745098039216,0.37175692553121098,0.40122779352271287
30,0.0,0.0,0.0011618771838405868
