position,mute_freq,lo_err,hi_err
0,0.0,0.0,0.00241692537723058
1,0.411231884057971,0.39131904276818308,0.43177222078937161
2,0.03221649484536082,0.027196717407865136,0.039591353092362724
3,0.12652608213096558,0.11661328473480866,0.13805839645211171
4,0.2401656314699793,0.22740128918280517,0.25398099550748543
5,0.18956521739130436,0.17891262529367419,0.20127291078950027
6,0.187797147385103,0.17764622088731299,0.19891514348288997
7,0.15832106038291605,0.14922849267605054,0.16839728505991169
8,0.16596512327119664,0.15753128362693286,0.1751844264080612
9,0.1614052953156823,0.15371067506099484,0.16977418740552663
10,0.14792299898682879,0.1405401818579054,0.15600338937144131
11,0.014471057884231538,0.012337395101891729,0.01755256043964859
12,0.0,0.0,0.00054751321477658802
13,0.10068169900367069,0.09442035732275518,0.10776199653040985
14,0.1678710394663702,0.15970696003631266,0.17675711726021437
15,0.15361625821876868,0.1454914149462381,0.16255074110153389
16,0.06227544910179641,0.057055706730088918,0.068520216979800042
17,0.09874213836477988,0.091991557881355324,0.10647954662530701
18,0.10175975516449885,0.094256978776176614,0.11045372649359642
19,0.13793103448275862,0.12851967410365031,0.1486265249292551
20,0.0903010033444816,0.0819176313650819,0.10046893687530123
21,0.6109510086455331,0.58507532968271614,0.63558137904344258
22,0.0,0.0,0.0031519539942347907
