position,mute_freq,lo_err,hi_err
0,0.0,0.0,0.005589485111541205
1,0.0625,0.051936710672998113,0.078387557747879977
2,0.10028653295128939,0.086902207358635852,0.11813237165286716
3,0.17894736842105263,0.16157365975241014,0.19961325980461331
4,0.15705765407554673,0.14268665180607074,0.17408837503168562
5,0.15517241379310345,0.14285853309437385,0.16942089278369121
6,0.15974842767295597,0.14801123535826377,0.17315734539842575
7,0.010135135135135136,0.0078513965165790088,0.01457586490240903
8,0.027896995708154508,0.023613345029791136,0.034160375676566157
9,0.0870488322717622,0.079002071476369964,0.096808554954485704
10,0.2755598831548199,0.26250765719093944,0.28946612781480552
11,0.24135220125786164,0.23014725572895012,0.2533520301771236
12,0.29323899371069184,0.28121495027643562,0.3058984579288101
13,0.22230483271375465,0.21174345727654917,0.23367337099905938
14,0.3938953488372093,0.3813116342340912,0.40678053027621441
15,0.16905444126074498,0.1598130414554694,0.1792226932148907
16,0.24498567335243554,0.23421110948610757,0.25647442749674854
17,0.20535714285714285,0.19551291973313095,0.21599257939115835
18,0.09219380888290714,0.085462007130583592,0.099998658561657239
19,0.18127490039840638,0.17208538711527152,0.19129191596716444
20,0.36393659180977544,0.35215688504358539,0.37606768914578503
21,0.3304692663582287,0.31899563829626382,0.34238100556601159
22,0.056179775280898875,0.051011377254328881,0.062495211637040748
23,0.1394580304031725,0.13130537530844008,0.14854243901127784
24,0.2663582286847323,0.2556701857138704,0.27765006430176442
25,0.1795946890286513,0.17021630754975076,0.18984848104510432
26,0.16106442577030813,0.15211691678212155,0.17093992012177706
27,0.2797744890768147,0.26855503870050179,0.29160071446320901
28,0.006502890173410405,0.0050375625176948208,0.0093634542435068191
29,0.1380697050938338,0.12679049935033049,0.15124369813816918
30,0.0,0.0,0.0029809077255948417
