position,mute_freq,lo_err,hi_err
0,0.0,0.0,0.0039582547212330416
1,0.050271739130434784,0.043624602869722862,0.05930555842949814
2,0.3506024096385542,0.33494758803698083,0.3669603421015144
3,0.0392156862745098,0.034181602766509916,0.046015428337391029
4,0.22589052997393572,0.214436062790057,0.23827582286306015
5,0.14932486100079428,0.14014956492834599,0.15958899165821061
6,0.035110533159947985,0.031139176211489102,0.040263940694297506
7,0.1315336013785181,0.12410847023644923,0.13978638717110847
8,0.09936083672283556,0.092834360815657796,0.10679769277033402
9,0.2644320297951583,0.25409183676604463,0.27534400114092394
10,0.08106435643564357,0.074994268444717266,0.088148200289619116
11,0.0823019801980198,0.076185091634887681,0.089429628799269301
12,0.31683168316831684,0.30512218231953808,0.32904763870772935
13,0.2792452830188679,0.26765366256112877,0.29148822948987352
14,0.12519440124416797,0.11683135122444739,0.13469681902659547
15,0.1837488457987073,0.17293572903159135,0.19570322383409966
16,0.3305084745762712,0.31606064796151379,0.34565783095195646
17,0.09237875288683603,0.083761178672539474,0.10283526707404311
18,0.0,0.0,0.0017618686981150748
