position,mute_freq,lo_err,hi_err
0,0.0,0.0,0.0011307837539375545
1,0.32226720647773277,0.30969143713899511,0.33540552664662227
2,0.0389908256880734,0.035006770167879946,0.044008717284584109
3,0.16172106824925817,0.15412629529946142,0.16997017768810962
4,0.12911725955204217,0.12263552959906182,0.13623611532345936
5,0.20408163265306123,0.19636645929721946,0.21227891377400387
6,0.19399446858949032,0.18662766947998485,0.20183422081306701
7,0.10022953328232594,0.094843374965875943,0.1062139685446073
8,0.11891062523973916,0.1130616482467971,0.12533144942486085
9,0.37319665907365224,0.36417711013743975,0.38240453154658627
10,0.30361260568793236,0.29504209583878244,0.31247836768468928
11,0.11913214990138067,0.113199549807453,0.12565248610917901
12,0.20133111480865223,0.19366290449772677,0.20948530733163817
13,0.07505241090146751,0.070176215837367079,0.080625588771009671
14,0.054837271511368704,0.050566569768161262,0.059884315648230713
15,0.09273422562141491,0.086975075535856747,0.099254830382357162
16,0.10382513661202186,0.096635142575614799,0.11207321299078765
17,0.2045028142589118,0.19309649248676994,0.21699247560981916
18,0.2371638141809291,0.22341248405410105,0.25217025425960582
19,0.0,0.0,0.0017044654489483755
