position,mute_freq,lo_err,hi_err
0,0.0,0.0,0.0045294312469022621
1,0.1505016722408027,0.13275329897664345,0.17279929332318145
2,0.21686746987951808,0.19667087553414989,0.24038488847695061
3,0.5,0.4753787668783736,0.52462123312162645
4,0.23291139240506328,0.21367791388950103,0.25478007252076462
5,0.34299516908212563,0.32120926665762917,0.36625931577158588
6,0.22526315789473683,0.20786364528542728,0.24491848640294622
7,0.19540229885057472,0.1797577559340143,0.21332343168078627
8,0.27879799666110183,0.26181365108342936,0.2972236902439287
9,0.29716193656093487,0.27978002008156622,0.31586553849392629
10,0.1536144578313253,0.14109073178284404,0.16817493486315094
11,0.3559577677224736,0.33841592560923617,0.37434781786889071
12,0.09214501510574018,0.082445812168491714,0.10424976649165263
13,0.3231707317073171,0.30605303751523949,0.34134078812674873
14,0.06601941747572816,0.057015449618274427,0.078311455610583725
15,0.1566579634464752,0.14042781842060773,0.17638145984684905
16,0.11614730878186968,0.10172539621521723,0.13480525287663614
17,0.0,0.0,0.0033643043486104003
