position,mute_freq,lo_err,hi_err
0,0.0,0.0,0.0021904363847477255
1,0.0,0.0,0.00090903383701029686
2,0.2802236198462614,0.26904377293983572,0.29200393263449564
3,0.08227848101265822,0.076804654270174091,0.088547752747103914
4,0.18555008210180624,0.17818318447319245,0.19342192442463457
5,0.14623172103487064,0.13987128214579836,0.15311107269781388
6,0.11737751145576313,0.11179339835395451,0.12348925361240526
7,0.05286646069344319,0.049149906418197636,0.057183544409838749
8,0.08819492107069321,0.083386098263727504,0.093556623007048256
9,0.14687714481811942,0.14076959555554008,0.15345878173317262
10,0.008236101578586136,0.0069254787335900955,0.010207161192627434
11,0.04294249439880508,0.039478357512257797,0.047074332980457045
12,0.041408668730650154,0.037955292473503363,0.045556345293640055
13,0.15334773218142547,0.14639495448689979,0.16088624079671576
14,0.15814850530376084,0.15071910745265266,0.16622258534062628
15,0.0,0.0,0.00063704310893748111
