position,mute_freq,lo_err,hi_err
0,0.0,0.0,0.011035748208295369
1,0.0,0.0,0.0020668108950287331
2,0.4066225165562914,0.38959110774778621,0.42413694053454909
3,0.3403693931398417,0.32414919206594556,0.35741206037755446
4,0.20496894409937888,0.19192516183109898,0.2194442863505417
5,0.14876847290640394,0.13863543820164992,0.16025378728945883
6,0.08070175438596491,0.073601591984580203,0.089239578028547872
7,0.0856945404284727,0.079126123982700192,0.093382459030582621
8,0.08775981524249422,0.081641036077444995,0.094809398370764963
9,0.16489659027389603,0.15677476749869576,0.17375094572809613
10,0.1552094522019334,0.14745240413420224,0.16369068847130641
11,0.1062367864693446,0.099786132347676665,0.11350139839311324
12,0.2021505376344086,0.19345630566580552,0.21147103203915296
13,0.16056485355648537,0.15278886191899302,0.16903515751712761
14,0.15210526315789474,0.14449179448860172,0.16043483957350546
15,0.1939978563772776,0.18546365537512588,0.20317339544412782
16,0.071313672922252,0.065989882490033541,0.077536447524273577
17,0.23503325942350334,0.22566503846935931,0.24497587892933248
18,0.045736871823828344,0.041421601634566145,0.051055314731334178
19,0.18772348033373062,0.17886597580260552,0.19730872512002329
20,0.09456740442655935,0.087760154613808497,0.10243788156788769
21,0.17306052855924978,0.16291951428669191,0.18429098803756938
22,0.1710914454277286,0.16029895574625208,0.18314777388795367
23,0.21624588364434688,0.20366415635873705,0.23004455374555788
24,0.24246079613992763,0.22867635927091867,0.2574587635446417
25,0.3313253012048193,0.31417158890186914,0.34947078246618135
26,0.05612244897959184,0.04835245750672594,0.066839264476012517
27,0.0,0.0,0.0034705847168115542
