position,mute_freq,lo_err,hi_err
0,0.0,0.0,0.038476384513692813
1,0.024390243902439025,0.017462960615307596,0.075006041884649544
2,0.5,0.43157430896516719,0.56842569103483287
3,0.5,0.43647036606088402,0.56352963393911604
4,0.2857142857142857,0.23772174100319218,0.34665881678078869
5,0.20270270270270271,0.16533886902343356,0.25542920230421728
6,0.25735294117647056,0.22468745482678579,0.29691343123056846
7,0.22448979591836735,0.19844432593540867,0.25598897666541487
8,0.517948717948718,0.4833264312572309,0.55221393115531747
9,0.18972332015810275,0.16827523638107272,0.21593922009611188
10,0.08266666666666667,0.071003375915692016,0.098666838481953123
11,0.04480651731160896,0.037484223175538602,0.055746032203778051
12,0.14156079854809436,0.12845231464879708,0.15720780671231893
13,0.10355029585798817,0.093337732691822287,0.11605280079293023
14,0.05698924731182796,0.050535535428719615,0.065304380675412776
15,0.030303030303030304,0.025970327368304756,0.036430381857229355
16,0.14055080721747387,0.13085195889440038,0.15158371841664964
17,0.0018744142455482662,0.0013118667297586201,0.004266903198331673
18,0.17574021012416427,0.16496647052644975,0.18772428205894709
19,0.10961538461538461,0.10096732113405425,0.11973042935767753
20,0.1373517786561265,0.12757905625122112,0.14852487459198371
21,0.20614596670934698,0.1928819975800084,0.22087950233875286
22,0.1804812834224599,0.16771289130457143,0.19491793533381496
23,0.18025751072961374,0.16708623501455699,0.19521495044849901
24,0.1196319018404908,0.10845954861795806,0.13308193136545476
25,0.15449915110356535,0.14123127020018322,0.17005650513432202
26,0.18886679920477137,0.17319504015360151,0.20695153702457592
27,0.2,0.18270914908636421,0.22001086006180248
28,0.4379310344827586,0.41025583527960452,0.46643898915666582
29,0.0967741935483871,0.080837203419463308,0.11992831118000202
30,0.0,0.0,0.0086812436383498122
