position,mute_freq,lo_err,hi_err
0,0.0,0.0,0.013810236184701457
1,0.0,0.0,0.005450822838987646
2,0.018867924528301886,0.013605559231293139,0.032955328458357247
3,0.23394495412844038,0.20863534108017145,0.26399384487994848
4,0.2850877192982456,0.25808057387846106,0.31575641710042601
5,0.148,0.12898330907978744,0.17249035408831692
6,0.183206106870229,0.16244570378546541,0.20866838710297353
7,0.5900383141762452,0.56002165730996412,0.61871363881674868
8,0.2635135135135135,0.24034674590840921,0.2897892929486332
9,0.3233333333333333,0.29842250872747844,0.35053591348178115
10,0.1510574018126888,0.13405269083615814,0.17216731111219707
11,0.1736111111111111,0.15422396569408386,0.19740788603543602
12,0.40273037542662116,0.37574522632959345,0.43100727533458194
13,0.12709030100334448,0.11084137911524057,0.1481933640649914
14,0.09210526315789473,0.078586062401359624,0.11084758053916532
15,0.5068493150684932,0.47859421921692902,0.53501314207822892
16,0.11436170212765957,0.10044216677955931,0.13227784840256718
17,0.1452513966480447,0.1291480530787657,0.16521502650449726
18,0.4577922077922078,0.43068180986962334,0.48543598531321097
19,0.28662420382165604,0.26331395883258246,0.31257970288443904
20,0.40836012861736337,0.38205048261010049,0.43581672277105254
21,0.40869565217391307,0.37823527217325337,0.44069815650333954
22,0.541871921182266,0.50780246025154341,0.57514092137254558
23,0.20398009950248755,0.17937878821312844,0.23429670537170388
24,0.28061224489795916,0.25184180445612253,0.31372531117616076
25,0.3707865168539326,0.33734306244047868,0.40704368083593856
26,0.2222222222222222,0.19468370981826455,0.25605505943255635
27,0.4934210526315789,0.45452572332046393,0.53248386365620104
28,0.20689655172413793,0.17832782219436155,0.243283663991957
29,0.014388489208633094,0.010026467159885283,0.032292226282237713
30,0.0,0.0,0.009675124528255254
