position,mute_freq,lo_err,hi_err
0,0.0,0.0,0.0036675466523423206
1,0.17551963048498845,0.15929562236642014,0.19466534014597192
2,0.14467408585055644,0.13219974940599818,0.15935369193525373
3,0.19895968790637192,0.18580119634265468,0.2136471269501542
4,0.21710526315789475,0.20450941243789636,0.2309130430866102
5,0.08942202835332606,0.081163188127368849,0.099430327415195086
6,0.06702702702702702,0.059961616959329882,0.07592145537578221
7,0.019417475728155338,0.015975570683994807,0.024885793641363563
8,0.042951541850220265,0.037384821850778384,0.050485214373173881
9,0.060714285714285714,0.053731680550474815,0.069740012989505273
10,0.0,0.0,0.0019529167082121205
