position,mute_freq,lo_err,hi_err
0,0.0,0.0,0.008546180498834181
1,0.31100478468899523,0.28189585320505095,0.34362395364347809
2,0.10714285714285714,0.09124003494277326,0.12910701835308225
3,0.2523809523809524,0.23305209314796166,0.27400808744718208
4,0.26499032882011603,0.2471218298298411,0.2846322051595086
5,0.05246422893481717,0.045193748826717596,0.06251270466318648
6,0.0845771144278607,0.076069699456920492,0.095102904141629141
7,0.10269192422731804,0.094181419943229455,0.1127504162280516
8,0.11279620853080569,0.10408237056104601,0.12294441796962452
9,0.15349887133182843,0.14444102459776573,0.16357599764875475
10,0.17591925018024512,0.16648565862598635,0.18626634897736494
11,0.2662559890485969,0.2553864734492271,0.27775103529529965
12,0.22608695652173913,0.21665650613598827,0.23613836619123585
13,0.31139723414401527,0.3017939940020759,0.32135224971705623
14,0.29698062190175756,0.28777867482620767,0.30654043159024902
15,0.1579175704989154,0.15085918544068519,0.16555647027228859
16,0.1892572387746538,0.18174991183700495,0.19727464714761911
17,0.14740608228980323,0.14116493743527248,0.15414074667259814
18,0.04938692098092643,0.045812379012347137,0.053561929556345311
19,0.08435374149659863,0.0796683672432454,0.08959222060392058
20,0.0438871473354232,0.040492264018869684,0.047903583507007186
21,0.10415175375805297,0.098835872191191027,0.11002190004705581
22,0.18619582664526485,0.17889875461317675,0.1939854905591305
23,0.3423743886171632,0.33283538293605142,0.35218753750213738
24,0.12648425400103253,0.11955232761937946,0.13417035769813035
25,0.15454545454545454,0.14659266170525254,0.16326583969166131
26,0.2700394218134034,0.25932974448784374,0.28133986837253411
27,0.0939068100358423,0.08691182330589238,0.10203995517273778
28,0.12807148175725985,0.11978698330341654,0.13743867611945249
29,0.08439897698209718,0.077226107028532706,0.092956794560240863
30,0.14242424242424243,0.13031342936868218,0.15665032773866339
31,0.21748878923766815,0.19984129623974575,0.23760617721103938
32,0.24728260869565216,0.22689433916902799,0.27034634574390215
33,0.18373493975903615,0.16503446744962696,0.20614491603766216
34,0.4322033898305085,0.4016914667074164,0.46383149502469956
35,0.20100502512562815,0.17647172696170549,0.23136858511483238
36,0.0,0.0,0.0067586144695840969
