position,mute_freq,lo_err,hi_err
0,0.0,0.0,0.010310742932043803
1,0.37583892617449666,0.33929406607716972,0.41560752124689504
2,0.1702127659574468,0.14709434073915853,0.20013492732463289
3,0.17727272727272728,0.15521755093268361,0.20502511572794235
4,0.19230769230769232,0.16995686746651231,0.21976766597451203
5,0.17557251908396945,0.15524349970672494,0.20071674808098106
6,0.030405405405405407,0.023555585769395416,0.043433491378461309
7,0.05956112852664577,0.049287675605444177,0.07521143499845373
8,0.19435736677115986,0.17480219857899884,0.21764271785059019
9,0.08463949843260188,0.072006433707866385,0.10234263498921858
10,0.13793103448275862,0.12143558127044843,0.15884555186053029
11,0.1536050156739812,0.13617435207477344,0.17526336337462078
12,0.07667731629392971,0.064652175886752039,0.093968401244675759
13,0.05466237942122187,0.044818554126460075,0.070082178741113776
14,0.03858520900321544,0.030688189735959888,0.052260582247645848
15,0.07717041800643087,0.065069280803724205,0.09456499692985787
16,0.061488673139158574,0.050886430217850165,0.077616484554090648
17,0.09863945578231292,0.084392832059854789,0.11819922420350548
18,0.10357142857142858,0.088631672194064842,0.12401976380785407
19,0.12087912087912088,0.10443798070703462,0.14272235789449728
20,0.19402985074626866,0.17289778181945989,0.21960210002693825
21,0.1553784860557769,0.13590815450623078,0.18018648650481639
22,0.22746781115879827,0.20322068673478691,0.25625941712373512
23,0.16,0.1382020680636413,0.18839523673615477
24,0.16666666666666666,0.1423134564829743,0.19898874702016589
25,0.25,0.21818478473351752,0.28871875115088408
26,0.12745098039215685,0.10234018018119163,0.16662083768113389
27,0.3076923076923077,0.26233778824729831,0.3624844629178462
28,0.2711864406779661,0.2231596716855242,0.33395392317963057
29,0.20512820512820512,0.15721222815547575,0.28136424287485695
30,0.0,0.0,0.046642916782950371
