position,mute_freq,lo_err,hi_err
0,0.0,0.0,0.037174590693601621
1,0.2727272727272727,0.21194937399777661,0.35909412214927494
2,0.10810810810810811,0.077234797765199481,0.1785881876079457
3,0.12698412698412698,0.09728627182136669,0.17923858902279055
4,0.056179775280898875,0.041165984070600507,0.090356040567992402
5,0.15463917525773196,0.12589715936125875,0.19707280513795655
6,0.06896551724137931,0.05283940354856019,0.099429477636387542
7,0.109375,0.088362923757122638,0.14217492145967714
8,0.08396946564885496,0.06632014358100366,0.11389143319978401
9,0.30201342281879195,0.26837475074372336,0.34079278076059383
10,0.18120805369127516,0.15483680835642419,0.21585756860915772
11,0.24161073825503357,0.21115403626928592,0.27877673175300066
12,0.10106382978723404,0.083765943530560119,0.12659340961629928
13,0.35714285714285715,0.32559164094895876,0.39152175841649339
14,0.19801980198019803,0.17382585322114358,0.2280155390776486
15,0.18303571428571427,0.16079951277813595,0.21076821206299834
16,0.22767857142857142,0.20298600123554611,0.25709313838795778
17,0.08013937282229965,0.067365443907796821,0.09860647499780717
18,0.07278481012658228,0.06116464890159496,0.089669244668463599
19,0.14150943396226415,0.12477094265951577,0.16263697913065145
20,0.04823151125401929,0.039124350739493857,0.062995508143949608
21,0.045307443365695796,0.036532169729892976,0.059813014111908314
22,0.24149659863945577,0.21910071755274138,0.26731395185020079
23,0.3843137254901961,0.35583091271432915,0.41456023418344945
24,0.2081447963800905,0.18432584175136368,0.23709268774116365
25,0.3804878048780488,0.34895830384963195,0.41427992756875176
26,0.3251231527093596,0.29511370636942513,0.35847577208296577
27,0.11917098445595854,0.10034133208581285,0.14565645951161776
28,0.171875,0.14884832471081699,0.20153134399945838
29,0.16022099447513813,0.1374631286509842,0.1902573573666887
30,0.2835820895522388,0.24922276171103155,0.32418157832890293
31,0.09433962264150944,0.073858752046775625,0.12956348754882097
32,0.17525773195876287,0.14436306335239704,0.21902586767217702
33,0.0963855421686747,0.073843490528206948,0.13757810054733632
34,0.6111111111111112,0.5440959647134902,0.67032737277095844
35,0.0,0.0,0.02411800477915339
36,0.0,0.0,0.056181784214038487
