position,mute_freq,lo_err,hi_err
0,0.0,0.0,0.0014350638047404081
1,0.21914132379248658,0.2076676483306252,0.23159685256391205
2,0.1520109066121336,0.1434045842529601,0.16154470489376493
3,0.13089295618413754,0.12360624803425689,0.13898027528436596
4,0.14787339268051433,0.14057575688255161,0.15585215228391069
5,0.10868616324749018,0.10272638074456328,0.11531406818301837
6,0.010964912280701754,0.0093687966061321501,0.013260453227142088
7,0.07590009730781706,0.071551242806933243,0.080787145661469051
8,0.1222834901070386,0.11681363376059145,0.12823267200069877
9,0.0943885825494648,0.089549350686079457,0.099742542243922205
10,0.1041193642555952,0.099047083977122807,0.10969402247312221
11,0.09627937336814621,0.091379291309499136,0.10169495872311285
12,0.07015177065767285,0.065893502160765921,0.074977226399483676
13,0.04813929668828952,0.044608239401171763,0.052273922256304783
14,0.046912728527078305,0.04341248779451836,0.051024436315810662
15,0.033575631706472826,0.03064042222401386,0.037142500713601478
16,0.049982400563181976,0.046330693453184801,0.054253821317211903
17,0.09455481972038264,0.08941393734663064,0.10027927012044213
18,0.0865130336229694,0.081528781940044398,0.092108383155107942
19,0.0864244741873805,0.081414170692925031,0.092053481258779213
20,0.1343223736968725,0.12800201173243086,0.14121629946913072
21,0.12643129770992367,0.11975497539179801,0.13380473224551703
22,0.13651315789473684,0.12912358549524339,0.14468208101405899
23,0.15625,0.14780672968760836,0.16555049847825642
24,0.10714285714285714,0.099687896250368446,0.11569494350327536
25,0.13199577613516367,0.12210749480897932,0.14340247744907275
26,0.15335463258785942,0.1404976852636402,0.16837324589889302
27,0.2358490566037736,0.2189976141809325,0.25464505862368936
28,0.49869451697127937,0.4740480506888714,0.52335426492025861
29,0.1504424778761062,0.13365074896056622,0.17125008854432933
30,0.0,0.0,0.005003932874262043
