position,mute_freq,lo_err,hi_err
0,0.0,0.0,0.009761086590343894
1,0.11764705882352941,0.095071523070824712,0.1526204812852594
2,0.3253012048192771,0.29233073717106672,0.36234801205549949
3,0.5989847715736041,0.56438761704225338,0.63163251472472437
4,0.24413145539906103,0.21805728501357202,0.27486953658640434
5,0.36363636363636365,0.33358884781632181,0.39609092354503894
6,0.4681818181818182,0.43606084706219322,0.50086442643637885
7,0.08290155440414508,0.071358912407840078,0.098655653217074035
8,0.18251928020565553,0.16516731913926269,0.20305180446949811
9,0.1881720430107527,0.17020819507156074,0.20940190580865803
10,0.2087912087912088,0.18975739607381498,0.23094175445881271
11,0.3146067415730337,0.29186334302287564,0.33937865967621206
12,0.33146067415730335,0.30830147696290927,0.35646397459365564
13,0.05791505791505792,0.046993658200840116,0.07547578220271367
14,0.0,0.0,0.0042990161452321511
15,0.5288888888888889,0.49658534878861071,0.56069374154232521
16,0.0,0.0,0.0053447500601390679
