position,mute_freq,lo_err,hi_err
0,0.0,0.0,0.0061187028465755052
1,0.17065868263473055,0.15266237041289912,0.19249489892730975
2,0.20722891566265061,0.18936932135576676,0.22783850932568817
3,0.06666666666666667,0.057462533872348287,0.079286164865056463
4,0.15591397849462366,0.14225460550848718,0.17197972592888666
5,0.1410459587955626,0.12874240412711557,0.15557026380282679
6,0.22739361702127658,0.21332298910516978,0.24287999730103338
7,0.0883054892601432,0.079762521702618397,0.098767714922724514
8,0.3042986425339366,0.28977266425134979,0.31968950422320064
9,0.07577374599786553,0.068273175089986746,0.085043449161855356
10,0.08525149190110827,0.078041518494518972,0.093843570843897273
11,0.2531969309462916,0.2413311141070455,0.26588514802124008
12,0.177128116938951,0.16684084186461923,0.18850051913150134
13,0.12209802235597593,0.11343925876134478,0.13202688443053712
14,0.06373815676141258,0.057517456610158085,0.071427699758793373
15,0.04072790294627383,0.035846855623147975,0.047164731812154526
16,0.03415061295971979,0.02971372117200307,0.040182180462421835
17,0.06684491978609626,0.060366949265822707,0.074831882342927036
18,0.07403936269915651,0.067046607942030129,0.082592400099436358
19,0.04266389177939646,0.037249034244117435,0.049938575367560412
20,0.26762402088772846,0.25275390342616527,0.28367894424287354
21,0.09969325153374232,0.089517292271185059,0.11226633219457816
22,0.13471502590673576,0.12220703127131012,0.14968530786362289
23,0.17647058823529413,0.1618196416896879,0.19344216375564782
24,0.056768558951965066,0.048108025255040592,0.069203835189979301
25,0.13896457765667575,0.1233914439899181,0.1583705448888868
26,0.17557251908396945,0.15524349970672494,0.20071674808098106
27,0.05813953488372093,0.045494427159192982,0.080744943123834179
28,0.2446043165467626,0.213014865780078,0.28329643574135932
29,0.19327731092436976,0.1632877185878322,0.23321038898132407
30,0.0,0.0,0.017287123285591354
