position,mute_freq,lo_err,hi_err
0,0.0,0.0,0.029255740656527425
1,0.041379310344827586,0.030862081007691243,0.064141719622003324
2,0.11834319526627218,0.098561974016959708,0.14687545781516742
3,0.15555555555555556,0.13310203734295389,0.18542816831958309
4,0.3686635944700461,0.33828387884960293,0.40139340435533022
5,0.1791044776119403,0.15877881927437698,0.2040869688611473
6,0.2542955326460481,0.23129013697461118,0.28058630539890927
7,0.08709677419354839,0.074104754654908414,0.10527435399478624
8,0.13836477987421383,0.12181982400166029,0.15933730803045698
9,0.2169811320754717,0.19637748698149496,0.2410496077212404
10,0.28785046728971964,0.26971169152633162,0.30753642736696118
11,0.20146520146520147,0.18593353757175385,0.21913037094636545
12,0.15371024734982333,0.14023179176743297,0.16957636700732848
13,0.1368421052631579,0.12414714486373472,0.15202354564539378
14,0.14111498257839722,0.12826709708226444,0.15640301267756707
15,0.08880994671403197,0.078600323072086864,0.10186997983964374
16,0.08228980322003578,0.072462129222744046,0.095033780343947161
17,0.41651376146788993,0.39641897383612518,0.4372062626955322
18,0.42105263157894735,0.40067056085709918,0.44201368605041413
19,0.43953934740882916,0.41876830047146868,0.46076313009199699
20,0.45294117647058824,0.43183769807046229,0.47440461028982706
21,0.6343434343434343,0.61290958502282955,0.65471865011940189
22,0.046464646464646465,0.039005088941825486,0.057499173560977113
23,0.10537190082644628,0.093427517142887079,0.12049674023779477
24,0.1368653421633554,0.12278894831352079,0.15406777392069537
25,0.08947368421052632,0.077349068721764294,0.1058084764050381
26,0.5329815303430079,0.50808331648007732,0.55754067308172339
27,0.08,0.064571442159692571,0.10473346816739126
28,0.24,0.20388808560601923,0.28611386182502729
29,0.125,0.097912237010266606,0.17004845984242534
30,0.0,0.0,0.026439609493000504
