position,mute_freq,lo_err,hi_err
0,0.0,0.0,0.0075480061163472742
1,0.06696428571428571,0.054352059356526795,0.08708801393161969
2,0.20121951219512196,0.18159383460544173,0.22439208576317637
3,0.2916666666666667,0.27032538620695973,0.31512202446692739
4,0.0,0.0,0.0023248617212554036
5,0.21868365180467092,0.20143703061823079,0.23825966084817296
6,0.2345415778251599,0.21673620821667014,0.25455435402200688
7,0.14072494669509594,0.12667081573330022,0.15776675627783898
8,0.12688172043010754,0.11349257212043988,0.14340029971569246
9,0.18181818181818182,0.16580473056076983,0.20051745136523524
10,0.08258928571428571,0.071767582491768511,0.097044527960301052
11,0.27319587628865977,0.25248594731147633,0.29618370629485102
12,0.15229885057471265,0.13559778644761517,0.17289166815490487
13,0.2225609756097561,0.2020149040214336,0.24640055641501113
14,0.003194888178913738,0.0023291827167994951,0.010266538426896177
15,0.31451612903225806,0.28753420099273808,0.34440514492271868
16,0.0,0.0,0.0047651854747455362
