position,mute_freq,lo_err,hi_err
0,0.0,0.0,0.039872647077782701
1,0.07317073170731707,0.054511882891683475,0.11179367425161668
2,0.30927835051546393,0.26800955805659715,0.35810639453107884
3,0.25,0.21435108134781442,0.29456512035095306
4,0.1746031746031746,0.14687682197706681,0.21230072230480335
5,0.07657657657657657,0.062835157437392056,0.09772795338008311
6,0.26479750778816197,0.24244433703273191,0.29000330172492761
7,0.09968847352024922,0.085871453522229482,0.11836137014405135
8,0.009592326139088728,0.0069240181054225219,0.016852716520757927
9,0.10407239819004525,0.091728735547843721,0.11990903628659744
10,0.027149321266968326,0.021587567153285005,0.036884708574374647
11,0.2675736961451247,0.24823584354642439,0.28896648639933342
12,0.23129251700680273,0.21307517574616558,0.25188559037298175
13,0.13019390581717452,0.11502621850072896,0.14935252077488059
14,0.326984126984127,0.30254786856032417,0.35355849994336153
15,0.3203125,0.29355112540556372,0.34980270681816772
16,0.05511811023622047,0.044455222461970714,0.072593174565047325
17,0.09895833333333333,0.082013961096643995,0.12400704188325817
18,0.421875,0.36534823425155083,0.48305160382903967
19,0.0,0.0,0.016759694647508993
