position,mute_freq,lo_err,hi_err
0,0.0,0.0,0.00077065888183460124
1,0.14026666666666668,0.13288159098017469,0.14840208443567171
2,0.12149141181399246,0.11533042862674925,0.12827267936258258
3,0.29805276381909546,0.29033660078194423,0.30601707176798165
4,0.24098779449332955,0.23416182705033825,0.24810141694229793
5,0.17444717444717445,0.16884897460319701,0.18035835806901057
6,0.20559006211180125,0.20008409186377102,0.21133455451012428
7,0.24071502950364457,0.23535496967349942,0.24625118654794864
8,0.18268770923003347,0.17806692069249966,0.18750645505994656
9,0.11906626977910073,0.11526087025661808,0.12310522379182809
10,0.13338301043219075,0.12947428606320899,0.1375055600150149
11,0.08787165145716809,0.08466664959702469,0.091314052530764855
12,0.057983682983682984,0.055379164295387764,0.060840223190688603
13,0.20227504739682076,0.19766722811166054,0.20705278922361003
14,0.08012869618507737,0.077002486023152961,0.083506657287372388
15,0.06753497346840329,0.064591104358228194,0.070750984086046076
16,0.04643449419568822,0.043957911115537575,0.049205443207903876
17,0.057651991614255764,0.05482080334437657,0.060785606761915245
18,0.2011296660117878,0.19519664552337501,0.20734987645180181
19,0.22254672897196262,0.21582907831300793,0.22958141997454662
20,0.0,0.0,0.00038192019617649833
