position,mute_freq,lo_err,hi_err
0,0.0,0.0,0.00098836119380257977
1,0.1357409713574097,0.12791340058464143,0.14445544918316677
2,0.21309192200557103,0.20481804926831282,0.22188677929971556
3,0.3308108108108108,0.32229190390313445,0.33956823200872943
4,0.22975578406169667,0.22263137594294446,0.23721993698725841
5,0.14159829838954724,0.1359312890657447,0.14769139091052008
6,0.16113516113516113,0.15577853941701653,0.16681067302364727
7,0.15147952184989222,0.14675765216049602,0.15646865263077503
8,0.15579375346516355,0.15114849683712231,0.16068794310888013
9,0.1424662531922656,0.13802656253686432,0.14716116783922306
10,0.18173679498657117,0.17685639643698595,0.18684019529905727
11,0.11026142628490129,0.10635540983746875,0.11443868262620016
12,0.03586647727272727,0.033627475583161565,0.038427987426379984
13,0.30619532226388146,0.30030581813173007,0.31222023391103793
14,0.24650735294117648,0.24094618094562806,0.25225087544361313
15,0.06287993920972644,0.059803614315410598,0.066281223334540229
16,0.060329430442548126,0.057253016886787092,0.063747289542829044
17,0.057537636626108474,0.054478464057843429,0.060953882679647853
18,0.1902587519025875,0.1838184069159024,0.1970680010150806
19,0.222262118491921,0.21483654913134365,0.23007782507494212
20,0.0,0.0,0.00049430276451206657
