position,mute_freq,lo_err,hi_err
0,0.0,0.0,0.062580369495826182
1,0.15702479338842976,0.13045062113111658,0.19453735391157601
2,0.17073170731707318,0.14307150223637197,0.20872446563564317
3,0.4147727272727273,0.37997497175049977,0.45144722848708607
4,0.12322274881516587,0.10472213623831482,0.14865675096091824
5,0.416289592760181,0.3850829064278693,0.44896726198954562
6,0.25102880658436216,0.22617072261130783,0.27986881937881303
7,0.3682170542635659,0.34025948149432689,0.39816052690003623
8,0.4645390070921986,0.43615067039306282,0.4934165224839635
9,0.4043887147335423,0.3784667705682267,0.43147746823693356
10,0.31283422459893045,0.29066305064811893,0.33695521302297304
11,0.14630872483221477,0.13470375915722221,0.15976781600518086
12,0.24392819429778248,0.23096316658029881,0.25794976698714767
13,0.038128249566724434,0.033425184398764018,0.044395921396959026
14,0.10089503661513426,0.093209194945009607,0.10985032003472317
15,0.07220496894409938,0.065862996568126289,0.079845424025951295
16,0.05620608899297424,0.050638781640641603,0.06312782655631799
17,0.1367588932806324,0.12797073706115616,0.14666956334886805
18,0.18116591928251122,0.1705667683815989,0.19288268355066462
19,0.2766798418972332,0.26351538224608817,0.29070663194309232
20,0.25834230355220666,0.24496578428635316,0.27273517619816179
21,0.40711009174311924,0.39124007811075984,0.4233962590032877
22,0.21644498186215236,0.20326673606794118,0.23096257591380687
23,0.29907773386034253,0.28353245584683279,0.31565686832746642
24,0.20182094081942337,0.18758464155958315,0.21782377048345869
25,0.14255765199161424,0.12851966579613741,0.15951840002892936
26,0.16094986807387862,0.14442468448679574,0.18096096417506913
27,0.4824561403508772,0.45649083710841182,0.50862121802091309
28,0.2839506172839506,0.2610648172823552,0.30943259856118144
29,0.0,0.0,0.0044200907783475216
