position,mute_freq,lo_err,hi_err
0,0.0,0.0,0.01493680588535016
1,0.0,0.0,0.0010882204301516101
2,0.09910641754670999,0.091494602029390193,0.10799129663448537
3,0.14490772385509226,0.13647681498357192,0.1542876266094747
4,0.14564052605942523,0.13844526087293776,0.15351089305069054
5,0.14744582043343654,0.14096427470141423,0.15446109750782366
6,0.14794706481167288,0.14185285215736673,0.15450863906942935
7,0.014594279042615295,0.012877455254026773,0.016865529944981139
8,0.056962025316455694,0.053477124729081074,0.060923950129491145
9,0.1044329616535219,0.099762721211815217,0.10952412752533491
10,0.1979328165374677,0.19188968724169705,0.2042813515229468
11,0.22445600756859035,0.21837660248185015,0.23079042231120261
12,0.14792899408284024,0.14290394470372392,0.15326757376462696
13,0.2311409960075646,0.2253402829493433,0.23716277892109572
14,0.23067705212702216,0.22502332069808345,0.23654127010348869
15,0.1773592309201491,0.17230716805308044,0.18265899992294443
16,0.27557251908396946,0.26968580625936578,0.28162683407983879
17,0.18537414965986396,0.18032274370495793,0.19065821042092246
18,0.087178517397882,0.083577045645768178,0.091085489972996592
19,0.14710933028048082,0.14250735059941455,0.15197479929799129
20,0.2867816091954023,0.28080658628328242,0.29291647318811243
21,0.22956486376575844,0.22387144119480398,0.2354734656075772
22,0.07099348876286495,0.067567054542922916,0.0747725323731111
23,0.0645366060093102,0.061256879947364271,0.068176899157708082
24,0.1330442720219078,0.12824411018932932,0.13817211448290379
25,0.1099009900990099,0.10465402674153906,0.1156516479722679
26,0.21341463414634146,0.20538787923992241,0.22192962719777598
27,0.15851172273190622,0.15087471960408649,0.16682945282140127
28,0.19982773471145565,0.18898211507902818,0.21168392199708508
29,0.2748091603053435,0.25862218383405416,0.29233836107471634
30,0.0,0.0,0.0020137719994426932
