position,mute_freq,lo_err,hi_err
0,0.0,0.0,0.0028945159501977936
1,0.38461538461538464,0.36491898476295098,0.40513636546647436
2,0.05795314426633785,0.0510438152648061,0.06699182252935143
3,0.09343065693430656,0.086395138655752587,0.10162643638085922
4,0.27755102040816326,0.26655310310777797,0.28914060050725432
5,0.10465819721718088,0.097836593174398689,0.11241505898198012
6,0.1377726750861079,0.13018821834690353,0.14617030422817889
7,0.14220445459737294,0.13452752870450743,0.15068047860356637
8,0.07162534435261708,0.066222650339990002,0.077951093273782357
9,0.1664841182913472,0.15840739313440952,0.17527514679044431
10,0.13600451467268623,0.12852590555515728,0.14428644519957345
11,0.24145917776491024,0.23179198931065961,0.251711797952343
12,0.12807881773399016,0.12050102577797178,0.13655214842118013
13,0.09414088215931533,0.087407118067384645,0.10191939508220293
14,0.0825242718446602,0.076070188718863438,0.090110333408488397
15,0.09767441860465116,0.090278714663668935,0.10628937855139897
16,0.18293838862559242,0.17201151655001082,0.19503976375978549
17,0.20810514786418402,0.19573659553495032,0.22172282128452869
18,0.37205651491365777,0.35394717744661464,0.39094992676235274
19,0.0,0.0,0.0024880839034776038
