position,mute_freq,lo_err,hi_err
0,0.0,0.0,0.0034926517034302158
1,0.27521008403361347,0.2563540357509444,0.29590795607169829
2,0.07506950880444857,0.068060950939325265,0.083617290026259727
3,0.10260223048327137,0.095167808222470562,0.11119178637957572
4,0.33731553056922,0.32542097199282233,0.349657064816981
5,0.3499658236500342,0.33810979779653733,0.36222281136560941
6,0.09343434343434344,0.086854614188580134,0.10101774052541435
7,0.08553386911595867,0.079509416006883479,0.092488786590650851
8,0.37614185921547555,0.36541394634004137,0.38713005581689242
9,0.06957928802588997,0.064307995419525227,0.075758553897336323
10,0.13319126265316994,0.12598391662235012,0.1411628956448765
11,0.3223397635345364,0.3112824636945743,0.33382935702823557
12,0.10012062726176116,0.0934548841671069,0.10772951478048998
13,0.07463592233009708,0.068868380861154946,0.081412814726913085
14,0.10246433203631647,0.095490994724458517,0.1104457407581948
15,0.22,0.20968334395948607,0.23109858526256721
16,0.023938223938223938,0.020510222684179135,0.028803667964376722
17,0.0,0.0,0.001068118152043232
