position,mute_freq,lo_err,hi_err
0,0.0,0.0,0.005144525539549194
1,0.09978768577494693,0.088045775331566697,0.11484379041391857
2,0.16,0.14662318947223185,0.17558863932085322
3,0.16198979591836735,0.15009974205342785,0.17556381062231075
4,0.16970387243735763,0.15818266086131288,0.18269478519009685
5,0.21875,0.2062189482725183,0.2324651997936461
6,0.043795620437956206,0.038295136304372243,0.051155181226061108
7,0.09378185524974515,0.08557195932253675,0.10360989902234918
8,0.27521008403361347,0.26167745065626108,0.28966532858678917
9,0.10691144708423327,0.097904946707306428,0.11757660788140234
10,0.21621621621621623,0.20372612820184766,0.22990498859396724
11,0.09090909090909091,0.081725079440772494,0.10226096993207878
12,0.16200294550810015,0.14929287657871829,0.1766566403490416
13,0.09180327868852459,0.081768579425136823,0.1044502071769754
14,0.28888888888888886,0.27080670719692618,0.30849647222945897
15,0.0,0.0,0.0021434266995109001
