position,mute_freq,lo_err,hi_err
0,0.0,0.0,0.1972584382397693
1,0.0,0.0,0.14524860009284779
2,0.0,0.0,0.10404154015923782
3,0.4444444444444444,0.30929484606600632,0.59974420373645787
4,0.8888888888888888,0.7106826238152677,0.92581075292044424
5,0.8888888888888888,0.7106826238152677,0.92581075292044424
6,0.1,0.067347044926064331,0.26570243138939531
7,0.9090909090909091,0.75436842314274088,0.93833865456326315
8,0.2727272727272727,0.1848002480745953,0.43024815946060113
9,0.8333333333333334,0.68242137387559743,0.88950497979992105
10,0.9166666666666666,0.77163313536866684,0.94313842415067406
11,0.75,0.59895885091622247,0.83002515273983102
12,0.16666666666666666,0.11049502020007891,0.31757862612440257
13,0.0,0.0,0.081036282289134287
14,0.08333333333333333,0.056861575849325913,0.22836686463133316
15,0.08333333333333333,0.056861575849325913,0.22836686463133316
16,0.5,0.37065568548901207,0.62934431451098793
17,0.0,0.0,0.081036282289134287
18,0.0,0.0,0.081036282289134287
19,0.16666666666666666,0.11049502020007891,0.31757862612440257
20,0.9166666666666666,0.77163313536866684,0.94313842415067406
21,0.08333333333333333,0.056861575849325913,0.22836686463133316
22,0.5,0.37065568548901207,0.62934431451098793
23,0.0,0.0,0.081036282289134287
24,0.0,0.0,0.081036282289134287
25,0.75,0.59895885091622247,0.83002515273983102
26,0.0,0.0,0.081036282289134287
27,0.5416666666666666,0.44389411456338024,0.63311179005511553
28,0.5,0.40509496124813893,0.59490503875186107
29,0.5,0.40509496124813893,0.59490503875186107
30,0.0,0.0,0.042992922018613003
31,0.0,0.0,0.042992922018613003
32,0.041666666666666664,0.029405471277534276,0.12375156430294409
33,0.5,0.40509496124813893,0.59490503875186107
34,0.5,0.40509496124813893,0.59490503875186107
35,0.4166666666666667,0.32927961097777136,0.51670886933105598
36,0.3333333333333333,0.25594051424457737,0.4360389949820932
37,0.5416666666666666,0.44389411456338024,0.63311179005511553
38,0.0,0.0,0.042992922018613003
39,0.0,0.0,0.042992922018613003
40,0.5416666666666666,0.44389411456338024,0.63311179005511553
