position,mute_freq,lo_err,hi_err
0,0.0,0.0,0.1972584382397693
1,0.25,0.15101699713285721,0.51726228967734733
2,0.0,0.0,0.1972584382397693
3,0.25,0.15101699713285721,0.51726228967734733
4,0.5,0.32897493402219302,0.67102506597780698
5,0.14285714285714285,0.093118673236737129,0.35167321456177991
6,0.2857142857142857,0.18287668096371812,0.4839158790296535
7,0.2857142857142857,0.18287668096371812,0.4839158790296535
8,0.0,0.0,0.12831445712826431
9,0.2857142857142857,0.18287668096371812,0.4839158790296535
10,0.42857142857142855,0.28434480105032928,0.60457601167072195
11,0.25,0.16166012534977506,0.43829505423479609
12,0.25,0.16166012534977506,0.43829505423479609
13,0.75,0.56170494576520391,0.83833987465022497
14,0.0,0.0,0.1149118479285397
15,0.0,0.0,0.1149118479285397
16,0.0,0.0,0.1149118479285397
17,0.0,0.0,0.1149118479285397
18,0.0,0.0,0.1149118479285397
19,0.0,0.0,0.1149118479285397
20,0.0,0.0,0.1149118479285397
21,0.125,0.082581398132518941,0.31749410050494387
22,0.0,0.0,0.1149118479285397
23,0.0,0.0,0.1149118479285397
24,0.0,0.0,0.1149118479285397
25,0.0,0.0,0.1149118479285397
