position,mute_freq,lo_err,hi_err
0,0.0,0.0,0.1149118479285397
1,0.9166666666666666,0.77163313536866684,0.94313842415067406
2,0.08333333333333333,0.056861575849325913,0.22836686463133316
3,0.7692307692307693,0.62450181241179092,0.84264033020662632
4,0.7857142857142857,0.64701951492923049,0.8535068536806949
5,0.13333333333333333,0.089322198955174112,0.26297783926078422
6,0.0,0.0,0.059208762757932437
7,0.17647058823529413,0.12136859804259233,0.2990602818117204
8,0.3181818181818182,0.2403540894787124,0.42594624871913445
9,0.2916666666666667,0.22028916506566368,0.3946879672320831
10,0.4166666666666667,0.32927961097777136,0.51670886933105598
11,0.041666666666666664,0.029405471277534276,0.12375156430294409
12,0.0,0.0,0.038476384513692813
13,0.2962962962962963,0.22734250047178178,0.39296551316761397
14,0.0,0.0,0.038476384513692813
15,0.2222222222222222,0.1648874386502506,0.31735926422874627
16,0.2962962962962963,0.22734250047178178,0.39296551316761397
17,0.0,0.0,0.038476384513692813
18,0.0,0.0,0.038476384513692813
19,0.0,0.0,0.038476384513692813
20,0.0,0.0,0.038476384513692813
21,0.0,0.0,0.038476384513692813
22,0.0,0.0,0.038476384513692813
23,0.037037037037037035,0.026238701070850301,0.11102271136596253
24,0.07407407407407407,0.050584841121562044,0.15561607032638836
25,0.4074074074074074,0.32525602379120061,0.50215474666430204
26,0.0,0.0,0.038476384513692813
27,0.07407407407407407,0.050584841121562044,0.15561607032638836
28,0.038461538461538464,0.027215670077312647,0.11496466529867688
