position,mute_freq,lo_err,hi_err
0,0.0,0.0,0.10404154015923782
1,0.1724137931034483,0.12550758281930324,0.26101395423262397
2,0.0975609756097561,0.069773020471199043,0.16222096656343654
3,0.2727272727272727,0.2184257616483809,0.34646850016093156
4,0.09615384615384616,0.07028701046048369,0.15144857018756697
5,0.15254237288135594,0.11829337697856834,0.20918269643389309
6,0.07142857142857142,0.052290393918221011,0.11396740691494778
7,0.08108108108108109,0.060388992134067301,0.12343525143765977
8,0.08974358974358974,0.067854575076805368,0.13178026496197848
9,0.10256410256410256,0.078576640061002664,0.14606727751958415
10,0.07692307692307693,0.057300093415504495,0.11732655549499482
11,0.17721518987341772,0.14350735353077093,0.2265710507183688
12,0.5443037974683544,0.48967939721580178,0.59678101764049396
13,0.06329113924050633,0.046356396709628399,0.10141488996742709
14,0.0,0.0,0.013638790873511442
15,0.0,0.0,0.013638790873511442
16,0.0,0.0,0.013638790873511442
17,0.012658227848101266,0.0091536630644018669,0.039878891852637599
18,0.0,0.0,0.013638790873511442
19,0.012658227848101266,0.0091536630644018669,0.039878891852637599
20,0.43037974683544306,0.37881791504920098,0.48531573467668265
21,0.08860759493670886,0.066996759523062013,0.13017183467527826
22,0.24050632911392406,0.20056918127824838,0.29302159916957649
23,0.0,0.0,0.013638790873511442
24,0.0,0.0,0.013638790873511442
25,0.13157894736842105,0.10307760482474587,0.17863314294706556
