position,mute_freq,lo_err,hi_err
0,0.0,0.0,0.0017368005965614113
1,0.2786343612334802,0.26472752697610757,0.29349369380288581
2,0.24480369515011546,0.233651108513068,0.25672427833827949
3,0.25457007447528773,0.24393349773236975,0.26585634898230959
4,0.2004787552363854,0.19135565090194484,0.21030279434446997
5,0.25989672977624784,0.25000669076383814,0.27032546466524432
6,0.03668261562998405,0.032955501232175943,0.041373137726711251
7,0.13135379969803723,0.12438348579746979,0.13904974363917522
8,0.12837517764092846,0.12167397393908741,0.1357649421535162
9,0.13160333642261354,0.12489511656634815,0.13897928102716939
10,0.043752819124943616,0.03994208358950916,0.048368566396688406
11,0.0749665327978581,0.0699500074144076,0.080724943434257956
12,0.16080178173719376,0.15359637595369943,0.16859817963517787
13,0.26764314247669774,0.25882382871064097,0.27686585648400652
14,0.5748898678414097,0.56479158971718857,0.58485910133535268
15,0.22119613016710643,0.2130171267756939,0.22985470627426918
16,0.06804214223002635,0.063302307497667437,0.073523715081054264
17,0.09776413853572995,0.092089285461870285,0.1041287733063565
18,0.0,0.0,0.000481309325715939
19,0.0,0.0,0.000481309325715939
20,0.0,0.0,0.000481309325715939
21,0.0021920210434020165,0.0016118587328894578,0.0036270907103135297
22,0.00131521262604121,0.00093266106398595693,0.0025548347989253761
23,0.010083296799649276,0.0084525446680942754,0.012554462942542366
24,0.006137658921525646,0.0049436005388813573,0.008179086114392331
25,0.11486190267426567,0.10873072319195945,0.12165353972023851
26,0.009644892590968873,0.008057880252690686,0.012073084333046546
27,0.0008768084173608067,0.00061387564953528694,0.001998230748627261
28,0.0021920210434020165,0.0016118587328894578,0.0036270907103135297
29,0.10242825607064018,0.09660455304784378,0.10893855375669736
