position,mute_freq,lo_err,hi_err
0,0.0,0.0,0.00043672857793547546
1,0.045861541821358376,0.043061542981552403,0.049049642752944878
2,0.17676096449591797,0.17179608266935231,0.18196600453531853
3,0.10348468848996832,0.099711218525670484,0.10753125031044719
4,0.07696997408931565,0.073911537572006011,0.080280741570326386
5,0.13525791324736225,0.13135702565696286,0.13936797956726421
6,0.09270274191208472,0.089438219817551512,0.096198511362560413
7,0.07743330930064889,0.074446543723090564,0.080658539602845525
8,0.045656855707106966,0.043362970041566556,0.048206037040033345
9,0.05392647689886997,0.051436348178009718,0.056666321591390956
10,0.04020530367835757,0.038062398241674705,0.042604764450916766
11,0.019943019943019943,0.018459234624898322,0.021694445828772779
12,0.09022342393624591,0.08703030234846415,0.093644765124779705
13,0.15757317419721512,0.15346682600413622,0.16186993336838018
14,0.03747870528109029,0.035415766675291019,0.039798622280771467
15,0.19673990077958894,0.19224545770539586,0.20140256916549271
16,0.0,0.0,0.00015540061167790628
17,0.0,0.0,0.00015540061167790628
18,0.0,0.0,0.00015540061167790628
19,0.0022637238256932655,0.0018436385910544667,0.0029595465682035194
20,0.003537068477645727,0.0029825869463813012,0.0043665329083113491
21,0.015704584040747028,0.014404120698433795,0.017273222031265356
22,0.0028296547821165816,0.0023462127448077756,0.0035884936494681163
23,0.0642331635540464,0.061531347969801996,0.067176267489696961
24,0.1045557441992077,0.10114365427865724,0.10818679388187558
25,0.0005659309564233164,0.00040891383647032384,0.00099997917230221223
26,0.0007074136955291454,0.00052023467677410188,0.0011714606737514011
27,0.01955505172169477,0.018090315780072554,0.021286240742497076
