position,mute_freq,lo_err,hi_err
0,0.0,0.0,0.00011734114838740123
1,0.11096491228070175,0.10842245176535449,0.11361868144077358
2,0.154712442597857,0.15216262992222312,0.15733614076607738
3,0.18887860933924136,0.18626598022687324,0.19155053598220462
4,0.09466210886142519,0.092956017879753022,0.096427799771265366
5,0.12252819462697515,0.12079705253723397,0.12430449550683575
6,0.061780133023306115,0.060592127858323054,0.063014516607224014
7,0.08510160827826954,0.083773846595136786,0.086469865350166208
8,0.028154327424400417,0.027405231477880512,0.028946222461631033
9,0.06889925885259401,0.06774655427868323,0.070090564771850272
10,0.09110428061293677,0.089798874397551187,0.092445861328566914
11,0.16300626861690304,0.161336156748522,0.16470570347946689
12,0.28509406657018815,0.28305817869326449,0.28714839994257779
13,0.10951416563228153,0.10812097101366856,0.11094064600477371
14,0.0,0.0,2.3756065286095761e-05
15,0.0,0.0,2.3756065286095761e-05
16,0.0,0.0,2.3756065286095761e-05
17,0.0027030533690857194,0.0024899174770530311,0.0029582865306378991
18,0.0036761525819565782,0.0034243799633548316,0.0039699393377115033
19,0.013645013407144711,0.013143440643025694,0.014187754924280704
20,0.0016867053023094888,0.0015224184346262683,0.0018931771974844969
21,0.07324193408874664,0.072087867114719137,0.074432124683286222
22,0.007136060894386299,0.006777885773352834,0.0075359562522695489
23,0.0007352305163913156,0.00063324888233561982,0.00087948356715528142
24,0.0017299541562148604,0.0015633276486310399,0.0019387619159526581
25,0.03654340345833878,0.03571590683945506,0.037410408712612031
