position,mute_freq,lo_err,hi_err
14,0.0,0.0,0.30663872564936534
15,0.0,0.0,0.30663872564936534
16,0.0,0.0,0.30663872564936534
17,0.0,0.0,0.30663872564936534
18,0.0,0.0,0.30663872564936534
19,1.0,0.87168554287173572,1.0
