position,mute_freq,lo_err,hi_err
0,0.0,0.0,0.0014426014036642005
1,0.39814814814814814,0.38393454585896752,0.41273031713532626
2,0.16005665722379603,0.15108651945952425,0.16996807348250964
3,0.06397103198551599,0.058658721668512291,0.070312397698964801
4,0.025196850393700787,0.022190235839434809,0.029178380824528727
5,0.058797327394209356,0.054370675619430743,0.063992726890280127
6,0.06532222709338009,0.060682990930284349,0.070706892612210526
7,0.06455696202531645,0.060026390128728242,0.069806253558147402
8,0.12206375838926174,0.1158855368363112,0.12886210509758333
9,0.06142916840785625,0.057032226737502786,0.066543041618572274
10,0.052872606161532054,0.048811574852292761,0.057661826404374894
11,0.020755500207555,0.018318364310047137,0.023970943819695667
12,0.008706467661691543,0.0072478236101466854,0.010962175392437601
13,0.04044572843582336,0.0369350002261669,0.044698416757887882
14,0.06933553446141147,0.064684918677086159,0.074681442134807319
15,0.037387017255546426,0.034028272779416127,0.041489292145139967
16,0.09363449691991786,0.088245859669515633,0.099675956845248659
17,0.012310217480508822,0.010518838979032802,0.014884611924162461
18,0.02420016406890894,0.021556638559599335,0.027607198934225363
19,0.0,0.0,0.00045014959023553965
20,0.0,0.0,0.00045014959023553965
21,0.0,0.0,0.00045014959023553965
22,0.002050020500205002,0.0015074559339547705,0.0033923798285262485
23,0.003280032800328003,0.0025139975272202172,0.0048434857646632024
24,0.008610086100861008,0.0071675640568022213,0.010841009365515242
25,0.003280032800328003,0.0025139975272202172,0.0048434857646632024
26,0.017220172201722016,0.015041079188763533,0.020173702107228908
27,0.07995079950799508,0.07497003524459192,0.085605267537446572
28,0.0,0.0,0.00045014959023553965
29,0.003280032800328003,0.0025139975272202172,0.0048434857646632024
30,0.07019704433497537,0.065528836469012294,0.075555452242122345
