position,mute_freq,lo_err,hi_err
0,0.0,0.0,0.00099193073613066968
1,0.10012285012285012,0.093400144280191805,0.10780605664906184
2,0.09746274667740637,0.092018359061513372,0.10354131345190587
3,0.12859051436205746,0.1229134811287033,0.13475287144348669
4,0.142590618336887,0.13725403852156587,0.14829991872180648
5,0.06220876048462255,0.058838843857302016,0.065977812812320846
6,0.0724031690140845,0.068865888825796473,0.076308677212813314
7,0.09333053691275167,0.089420513554593767,0.097574317822943568
8,0.11414538310412574,0.10998100091231849,0.11860641238494551
9,0.03720038350910834,0.034835349103449653,0.039912705458987618
10,0.0841744429632451,0.080621252389245668,0.08803752528325226
11,0.023746701846965697,0.02189561370006942,0.025949054378204939
12,0.08297594629871341,0.079482705325914949,0.08677348393858253
13,0.045842613214550854,0.04324842246743528,0.048766664241142288
14,0.16942300624770304,0.16462241667962305,0.17446131040074953
15,0.08305830583058306,0.079591431526401787,0.086824342083859363
16,0.03333943945777615,0.03115269653872902,0.035860721152365049
17,0.0,0.0,0.00020082302955343781
18,0.0,0.0,0.00020082302955343781
19,0.0,0.0,0.00020082302955343781
20,0.004022673249222892,0.0033600608499721693,0.0050403083749355204
21,0.002377468910021946,0.0019026501629612533,0.0032086409447892317
22,0.014630577907827359,0.013227508054025375,0.016381046627023776
23,0.0032918800292611556,0.0027068869470981793,0.0042325125336534208
24,0.05065837600585223,0.047947715543273359,0.053690624488194949
25,0.013167520117044623,0.011844096510897573,0.01483939383732491
26,0.0009144111192392099,0.00067245194025109152,0.0015140780431985856
27,0.0018288222384784199,0.0014301795932376541,0.0025842728929317271
28,0.03320420586607637,0.031015037176461743,0.035730355398578273
