position,mute_freq,lo_err,hi_err
0,0.0,0.0,0.0025635595962610362
1,0.03271028037383177,0.027839529291920764,0.039714143558714499
2,0.16734279918864098,0.15650077043502794,0.17950318968732681
3,0.10576015108593012,0.097335045621720642,0.11564019204922504
4,0.10347752332485156,0.095544201030168072,0.11272548065822108
5,0.17857142857142858,0.16852575029520125,0.18963696591510604
6,0.10287081339712918,0.095182084871062431,0.1117975494065917
7,0.07886435331230283,0.072178108555866372,0.08684899291344339
8,0.04925723221266615,0.044070485421795487,0.055821787652953647
9,0.08658346333853355,0.079604271707672786,0.094823340979455661
10,0.043377226955848176,0.038559925946296821,0.049577377268518963
11,0.04331013147718484,0.038500179038786865,0.049501000083219671
12,0.03632148377125193,0.031962796386808753,0.04208117710615733
13,0.0,0.0,0.0008408501835675472
14,0.05517241379310345,0.049705532904401176,0.06197194678017004
15,0.14559386973180077,0.13667689196883182,0.15557253062063292
16,0.0,0.0,0.0008408501835675472
17,0.0,0.0,0.0008408501835675472
18,0.0,0.0,0.0008408501835675472
19,0.0007662835249042146,0.00055981980156759922,0.0024750533483420822
20,0.0038314176245210726,0.0028170446688604877,0.0063342794024686677
21,0.01532567049808429,0.012713005819286399,0.019390792002868085
22,0.006896551724137931,0.0053425226313265784,0.0099289834905141872
23,0.11494252873563218,0.10697155642185338,0.12406701888967453
24,0.16551724137931034,0.15606486508827008,0.17597161176112863
25,0.0,0.0,0.0008408501835675472
26,0.0015325670498084292,0.0010727426452666262,0.0034900836735628493
27,0.046296296296296294,0.04131142298075241,0.052649871489274247
