position,mute_freq,lo_err,hi_err
119,1.0,0.69336127435063466,1.0
120,0.5,0.25914901474431468,0.74085098525568538
121,0.0,0.0,0.30663872564936534
122,0.0,0.0,0.30663872564936534
123,0.0,0.0,0.24016431434840743
124,0.0,0.0,0.24016431434840743
125,1.0,0.75983568565159254,1.0
126,0.0,0.0,0.24016431434840743
127,0.0,0.0,0.24016431434840743
128,0.0,0.0,0.24016431434840743
129,0.0,0.0,0.24016431434840743
130,0.0,0.0,0.24016431434840743
131,0.3333333333333333,0.19068724246776722,0.6110853443922124
132,0.3333333333333333,0.19068724246776722,0.6110853443922124
133,0.0,0.0,0.24016431434840743
134,0.0,0.0,0.24016431434840743
135,0.0,0.0,0.24016431434840743
136,0.0,0.0,0.24016431434840743
137,0.3333333333333333,0.19068724246776722,0.6110853443922124
138,0.0,0.0,0.24016431434840743
139,0.0,0.0,0.24016431434840743
140,0.0,0.0,0.24016431434840743
141,0.0,0.0,0.24016431434840743
142,0.3333333333333333,0.19068724246776722,0.6110853443922124
143,0.0,0.0,0.24016431434840743
144,0.6666666666666666,0.38891465560778765,0.80931275753223275
145,0.0,0.0,0.24016431434840743
146,0.0,0.0,0.24016431434840743
147,0.3333333333333333,0.19068724246776722,0.6110853443922124
148,0.0,0.0,0.24016431434840743
149,0.0,0.0,0.24016431434840743
150,0.0,0.0,0.24016431434840743
151,0.3333333333333333,0.19068724246776722,0.6110853443922124
152,0.0,0.0,0.24016431434840743
153,0.0,0.0,0.24016431434840743
154,0.3333333333333333,0.19068724246776722,0.6110853443922124
155,0.0,0.0,0.42264973081037421
156,0.0,0.0,0.42264973081037421
157,1.0,0.57735026918962573,1.0
158,0.0,0.0,0.42264973081037421
159,0.0,0.0,0.42264973081037421
160,0.0,0.0,0.42264973081037421
161,0.0,0.0,0.42264973081037421
162,0.0,0.0,0.42264973081037421
