position,mute_freq,lo_err,hi_err
246,0.0,0.0,0.42264973081037421
247,0.0,0.0,0.42264973081037421
248,0.0,0.0,0.30663872564936534
249,0.0,0.0,0.30663872564936534
250,0.5,0.25914901474431468,0.74085098525568538
251,0.0,0.0,0.30663872564936534
252,0.0,0.0,0.30663872564936534
253,0.0,0.0,0.30663872564936534
254,0.0,0.0,0.30663872564936534
255,0.0,0.0,0.30663872564936534
256,0.0,0.0,0.30663872564936534
257,0.0,0.0,0.30663872564936534
258,0.0,0.0,0.30663872564936534
259,0.0,0.0,0.30663872564936534
260,0.5,0.25914901474431468,0.74085098525568538
261,0.0,0.0,0.30663872564936534
262,0.0,0.0,0.30663872564936534
263,0.0,0.0,0.30663872564936534
264,0.0,0.0,0.30663872564936534
265,0.0,0.0,0.30663872564936534
266,0.0,0.0,0.30663872564936534
267,0.0,0.0,0.30663872564936534
268,0.0,0.0,0.30663872564936534
269,0.0,0.0,0.30663872564936534
270,0.3333333333333333,0.19068724246776722,0.6110853443922124
271,0.3333333333333333,0.19068724246776722,0.6110853443922124
272,0.0,0.0,0.24016431434840743
273,0.0,0.0,0.24016431434840743
274,0.0,0.0,0.24016431434840743
275,0.0,0.0,0.24016431434840743
276,0.0,0.0,0.24016431434840743
277,0.3333333333333333,0.19068724246776722,0.6110853443922124
278,0.3333333333333333,0.19068724246776722,0.6110853443922124
279,0.0,0.0,0.24016431434840743
280,0.3333333333333333,0.19068724246776722,0.6110853443922124
281,0.0,0.0,0.24016431434840743
282,0.3333333333333333,0.19068724246776722,0.6110853443922124
283,0.0,0.0,0.24016431434840743
284,0.6666666666666666,0.38891465560778765,0.80931275753223275
285,0.0,0.0,0.24016431434840743
286,0.0,0.0,0.24016431434840743
287,0.0,0.0,0.24016431434840743
288,0.3333333333333333,0.19068724246776722,0.6110853443922124
289,0.0,0.0,0.24016431434840743
290,0.3333333333333333,0.19068724246776722,0.6110853443922124
291,0.0,0.0,0.24016431434840743
292,0.0,0.0,0.24016431434840743
293,0.0,0.0,0.24016431434840743
294,0.0,0.0,0.30663872564936534
295,0.0,0.0,0.42264973081037421
