position,mute_freq,lo_err,hi_err
239,0.0,0.0,0.42264973081037421
240,0.0,0.0,0.42264973081037421
241,0.5,0.25914901474431468,0.74085098525568538
242,0.5,0.25914901474431468,0.74085098525568538
243,0.5,0.25914901474431468,0.74085098525568538
244,0.5,0.25914901474431468,0.74085098525568538
245,0.0,0.0,0.30663872564936534
246,0.0,0.0,0.30663872564936534
247,1.0,0.69336127435063466,1.0
248,1.0,0.69336127435063466,1.0
249,0.0,0.0,0.30663872564936534
250,0.0,0.0,0.30663872564936534
251,0.0,0.0,0.30663872564936534
252,1.0,0.69336127435063466,1.0
253,0.0,0.0,0.30663872564936534
254,0.0,0.0,0.30663872564936534
255,0.0,0.0,0.30663872564936534
256,0.0,0.0,0.30663872564936534
257,0.0,0.0,0.30663872564936534
258,0.5,0.25914901474431468,0.74085098525568538
259,0.0,0.0,0.30663872564936534
260,0.0,0.0,0.30663872564936534
261,0.0,0.0,0.30663872564936534
262,0.0,0.0,0.30663872564936534
263,0.0,0.0,0.30663872564936534
264,0.0,0.0,0.30663872564936534
265,0.0,0.0,0.30663872564936534
266,0.0,0.0,0.30663872564936534
267,0.0,0.0,0.30663872564936534
268,0.0,0.0,0.30663872564936534
269,0.0,0.0,0.30663872564936534
270,0.0,0.0,0.30663872564936534
271,0.5,0.25914901474431468,0.74085098525568538
272,0.0,0.0,0.30663872564936534
273,0.0,0.0,0.30663872564936534
274,0.0,0.0,0.30663872564936534
275,0.5,0.25914901474431468,0.74085098525568538
276,0.0,0.0,0.30663872564936534
277,0.5,0.25914901474431468,0.74085098525568538
278,0.0,0.0,0.30663872564936534
279,0.0,0.0,0.30663872564936534
280,1.0,0.57735026918962573,1.0
281,1.0,0.57735026918962573,1.0
282,0.0,0.0,0.42264973081037421
283,1.0,0.57735026918962573,1.0
284,0.0,0.0,0.42264973081037421
285,0.0,0.0,0.42264973081037421
286,0.0,0.0,0.42264973081037421
