position,mute_freq,lo_err,hi_err
246,0.0,0.0,0.42264973081037421
247,0.0,0.0,0.42264973081037421
248,0.0,0.0,0.42264973081037421
249,0.0,0.0,0.42264973081037421
250,0.0,0.0,0.42264973081037421
251,0.0,0.0,0.42264973081037421
252,0.0,0.0,0.42264973081037421
253,0.0,0.0,0.42264973081037421
254,1.0,0.57735026918962573,1.0
255,0.0,0.0,0.42264973081037421
256,0.0,0.0,0.42264973081037421
257,0.0,0.0,0.42264973081037421
258,0.0,0.0,0.42264973081037421
259,0.0,0.0,0.42264973081037421
260,0.0,0.0,0.42264973081037421
261,0.0,0.0,0.42264973081037421
262,0.0,0.0,0.42264973081037421
263,1.0,0.57735026918962573,1.0
264,0.0,0.0,0.42264973081037421
265,0.0,0.0,0.42264973081037421
266,0.0,0.0,0.42264973081037421
267,0.0,0.0,0.42264973081037421
268,1.0,0.57735026918962573,1.0
269,0.0,0.0,0.42264973081037421
270,0.0,0.0,0.42264973081037421
271,1.0,0.57735026918962573,1.0
272,0.0,0.0,0.42264973081037421
273,0.0,0.0,0.42264973081037421
274,0.0,0.0,0.42264973081037421
275,0.0,0.0,0.42264973081037421
276,1.0,0.57735026918962573,1.0
277,0.0,0.0,0.42264973081037421
278,0.0,0.0,0.42264973081037421
279,0.0,0.0,0.42264973081037421
280,1.0,0.57735026918962573,1.0
281,0.0,0.0,0.42264973081037421
282,0.0,0.0,0.42264973081037421
283,0.0,0.0,0.42264973081037421
284,0.0,0.0,0.42264973081037421
285,0.0,0.0,0.42264973081037421
286,0.0,0.0,0.42264973081037421
287,0.0,0.0,0.42264973081037421
288,0.0,0.0,0.42264973081037421
289,0.0,0.0,0.42264973081037421
