position,mute_freq,lo_err,hi_err
247,1.0,0.57735026918962573,1.0
248,1.0,0.69336127435063466,1.0
249,1.0,0.69336127435063466,1.0
250,0.0,0.0,0.30663872564936534
251,0.0,0.0,0.30663872564936534
252,0.0,0.0,0.30663872564936534
253,0.0,0.0,0.30663872564936534
254,0.0,0.0,0.30663872564936534
255,0.0,0.0,0.30663872564936534
256,0.0,0.0,0.30663872564936534
257,0.0,0.0,0.30663872564936534
258,0.5,0.25914901474431468,0.74085098525568538
259,0.0,0.0,0.30663872564936534
260,0.0,0.0,0.30663872564936534
261,0.0,0.0,0.30663872564936534
262,0.0,0.0,0.30663872564936534
263,0.5,0.25914901474431468,0.74085098525568538
264,0.0,0.0,0.30663872564936534
265,0.0,0.0,0.30663872564936534
266,0.0,0.0,0.30663872564936534
267,0.0,0.0,0.30663872564936534
268,1.0,0.69336127435063466,1.0
269,0.0,0.0,0.30663872564936534
270,0.0,0.0,0.30663872564936534
271,0.0,0.0,0.30663872564936534
272,0.0,0.0,0.30663872564936534
273,0.0,0.0,0.30663872564936534
274,0.0,0.0,0.30663872564936534
275,0.5,0.25914901474431468,0.74085098525568538
276,0.5,0.25914901474431468,0.74085098525568538
277,0.0,0.0,0.30663872564936534
278,0.0,0.0,0.30663872564936534
279,0.5,0.25914901474431468,0.74085098525568538
280,0.5,0.25914901474431468,0.74085098525568538
281,1.0,0.69336127435063466,1.0
282,0.0,0.0,0.30663872564936534
283,0.0,0.0,0.30663872564936534
284,0.0,0.0,0.30663872564936534
285,0.0,0.0,0.30663872564936534
286,0.0,0.0,0.30663872564936534
287,0.0,0.0,0.30663872564936534
288,0.0,0.0,0.30663872564936534
289,0.0,0.0,0.30663872564936534
290,0.0,0.0,0.30663872564936534
291,0.5,0.25914901474431468,0.74085098525568538
292,0.0,0.0,0.30663872564936534
293,0.5,0.25914901474431468,0.74085098525568538
294,1.0,0.69336127435063466,1.0
295,0.0,0.0,0.30663872564936534
296,0.0,0.0,0.30663872564936534
