position,mute_freq,lo_err,hi_err
233,1.0,0.57735026918962573,1.0
234,1.0,0.57735026918962573,1.0
235,1.0,0.57735026918962573,1.0
236,1.0,0.57735026918962573,1.0
237,0.0,0.0,0.42264973081037421
238,0.0,0.0,0.42264973081037421
239,1.0,0.57735026918962573,1.0
240,0.0,0.0,0.42264973081037421
241,0.0,0.0,0.42264973081037421
242,0.0,0.0,0.42264973081037421
243,0.0,0.0,0.42264973081037421
244,0.0,0.0,0.42264973081037421
245,1.0,0.57735026918962573,1.0
246,0.0,0.0,0.42264973081037421
247,0.0,0.0,0.42264973081037421
248,0.0,0.0,0.42264973081037421
249,0.0,0.0,0.42264973081037421
250,0.0,0.0,0.42264973081037421
251,0.0,0.0,0.42264973081037421
252,0.0,0.0,0.42264973081037421
253,0.0,0.0,0.42264973081037421
254,0.0,0.0,0.42264973081037421
255,0.0,0.0,0.42264973081037421
256,0.0,0.0,0.42264973081037421
257,0.0,0.0,0.42264973081037421
258,0.0,0.0,0.42264973081037421
259,0.0,0.0,0.42264973081037421
260,0.5,0.25914901474431468,0.74085098525568538
261,0.5,0.25914901474431468,0.74085098525568538
262,0.5,0.25914901474431468,0.74085098525568538
263,0.5,0.25914901474431468,0.74085098525568538
264,0.0,0.0,0.30663872564936534
265,0.0,0.0,0.30663872564936534
266,1.0,0.69336127435063466,1.0
267,0.0,0.0,0.30663872564936534
268,0.0,0.0,0.30663872564936534
269,0.5,0.25914901474431468,0.74085098525568538
270,0.5,0.25914901474431468,0.74085098525568538
271,0.0,0.0,0.30663872564936534
272,0.0,0.0,0.30663872564936534
273,0.0,0.0,0.30663872564936534
274,0.0,0.0,0.30663872564936534
275,0.0,0.0,0.30663872564936534
276,0.5,0.25914901474431468,0.74085098525568538
277,0.0,0.0,0.30663872564936534
278,1.0,0.69336127435063466,1.0
279,0.0,0.0,0.30663872564936534
280,0.0,0.0,0.30663872564936534
281,0.0,0.0,0.30663872564936534
282,0.0,0.0,0.30663872564936534
283,0.0,0.0,0.30663872564936534
284,0.0,0.0,0.30663872564936534
285,0.0,0.0,0.30663872564936534
286,0.0,0.0,0.30663872564936534
287,0.0,0.0,0.30663872564936534
288,0.0,0.0,0.30663872564936534
289,0.5,0.25914901474431468,0.74085098525568538
290,0.5,0.25914901474431468,0.74085098525568538
291,0.0,0.0,0.30663872564936534
292,0.5,0.25914901474431468,0.74085098525568538
293,0.0,0.0,0.30663872564936534
294,0.0,0.0,0.30663872564936534
