position,mute_freq,lo_err,hi_err
239,0.0,0.0,0.16731682234439568
240,1.0,0.83268317765560429,1.0
241,0.0,0.0,0.16731682234439568
242,0.0,0.0,0.16731682234439568
243,0.0,0.0,0.16731682234439568
244,0.0,0.0,0.16731682234439568
245,0.0,0.0,0.16731682234439568
246,0.0,0.0,0.16731682234439568
247,0.0,0.0,0.16731682234439568
248,0.0,0.0,0.16731682234439568
249,0.2,0.12506535896216608,0.44750688411666539
250,0.2,0.12506535896216608,0.44750688411666539
251,0.8,0.55249311588333461,0.87493464103783392
252,0.0,0.0,0.16731682234439568
253,0.0,0.0,0.16731682234439568
254,0.0,0.0,0.16731682234439568
255,0.0,0.0,0.16731682234439568
256,0.0,0.0,0.16731682234439568
257,0.0,0.0,0.16731682234439568
258,1.0,0.83268317765560429,1.0
259,0.0,0.0,0.16731682234439568
260,0.0,0.0,0.16731682234439568
261,0.8,0.55249311588333461,0.87493464103783392
262,0.4,0.24824484852531054,0.60924529917835546
263,0.0,0.0,0.16731682234439568
264,0.0,0.0,0.16731682234439568
265,0.0,0.0,0.16731682234439568
266,0.4,0.24824484852531054,0.60924529917835546
267,0.0,0.0,0.16731682234439568
268,0.0,0.0,0.16731682234439568
269,0.0,0.0,0.16731682234439568
270,0.8,0.55249311588333461,0.87493464103783392
271,0.0,0.0,0.16731682234439568
272,0.0,0.0,0.16731682234439568
273,0.2,0.12506535896216608,0.44750688411666539
274,0.8,0.55249311588333461,0.87493464103783392
275,0.0,0.0,0.16731682234439568
276,0.2,0.12506535896216608,0.44750688411666539
277,0.0,0.0,0.16731682234439568
278,1.0,0.83268317765560429,1.0
279,0.0,0.0,0.16731682234439568
280,0.0,0.0,0.16731682234439568
281,0.6,0.39075470082164449,0.75175515147468952
282,0.0,0.0,0.16731682234439568
283,0.8,0.55249311588333461,0.87493464103783392
284,0.2,0.12506535896216608,0.44750688411666539
285,0.0,0.0,0.16731682234439568
286,0.0,0.0,0.16731682234439568
287,0.0,0.0,0.16731682234439568
288,0.0,0.0,0.16731682234439568
289,0.0,0.0,0.16731682234439568
290,0.6,0.39075470082164449,0.75175515147468952
291,0.0,0.0,0.16731682234439568
292,0.0,0.0,0.16731682234439568
293,1.0,0.83268317765560429,1.0
294,0.0,0.0,0.16731682234439568
