position,mute_freq,lo_err,hi_err
242,0.5,0.25914901474431468,0.74085098525568538
243,0.5,0.25914901474431468,0.74085098525568538
244,0.5,0.25914901474431468,0.74085098525568538
245,0.5,0.25914901474431468,0.74085098525568538
246,0.0,0.0,0.30663872564936534
247,0.5,0.25914901474431468,0.74085098525568538
248,0.0,0.0,0.30663872564936534
249,0.0,0.0,0.30663872564936534
250,0.0,0.0,0.30663872564936534
251,1.0,0.69336127435063466,1.0
252,0.0,0.0,0.30663872564936534
253,0.0,0.0,0.30663872564936534
254,0.0,0.0,0.24016431434840743
255,0.0,0.0,0.24016431434840743
256,0.0,0.0,0.24016431434840743
257,0.0,0.0,0.24016431434840743
258,0.6666666666666666,0.38891465560778765,0.80931275753223275
259,0.0,0.0,0.24016431434840743
260,0.3333333333333333,0.19068724246776722,0.6110853443922124
261,0.0,0.0,0.24016431434840743
262,0.0,0.0,0.24016431434840743
263,0.3333333333333333,0.19068724246776722,0.6110853443922124
264,0.0,0.0,0.24016431434840743
265,0.3333333333333333,0.19068724246776722,0.6110853443922124
266,0.0,0.0,0.24016431434840743
267,0.0,0.0,0.24016431434840743
268,0.3333333333333333,0.19068724246776722,0.6110853443922124
269,0.0,0.0,0.24016431434840743
270,1.0,0.75983568565159254,1.0
271,0.0,0.0,0.24016431434840743
272,0.0,0.0,0.24016431434840743
273,0.0,0.0,0.24016431434840743
274,0.3333333333333333,0.19068724246776722,0.6110853443922124
275,0.3333333333333333,0.19068724246776722,0.6110853443922124
276,0.6666666666666666,0.38891465560778765,0.80931275753223275
277,0.0,0.0,0.24016431434840743
278,0.6666666666666666,0.38891465560778765,0.80931275753223275
279,0.0,0.0,0.24016431434840743
280,0.0,0.0,0.24016431434840743
281,0.0,0.0,0.24016431434840743
282,0.0,0.0,0.24016431434840743
283,0.0,0.0,0.24016431434840743
284,0.3333333333333333,0.19068724246776722,0.6110853443922124
285,0.0,0.0,0.24016431434840743
286,0.0,0.0,0.24016431434840743
287,0.3333333333333333,0.19068724246776722,0.6110853443922124
288,0.0,0.0,0.24016431434840743
289,0.0,0.0,0.24016431434840743
290,0.0,0.0,0.24016431434840743
291,0.0,0.0,0.24016431434840743
292,0.0,0.0,0.24016431434840743
293,0.0,0.0,0.24016431434840743
294,0.0,0.0,0.24016431434840743
295,0.0,0.0,0.42264973081037421
