position,mute_freq,lo_err,hi_err
119,0.0,0.0,0.30663872564936534
120,0.0,0.0,0.30663872564936534
121,0.0,0.0,0.30663872564936534
122,0.0,0.0,0.30663872564936534
123,0.0,0.0,0.30663872564936534
124,0.0,0.0,0.30663872564936534
125,0.0,0.0,0.30663872564936534
126,0.0,0.0,0.30663872564936534
127,0.0,0.0,0.30663872564936534
128,0.0,0.0,0.30663872564936534
129,0.0,0.0,0.30663872564936534
130,0.0,0.0,0.30663872564936534
131,0.0,0.0,0.30663872564936534
132,0.0,0.0,0.30663872564936534
133,0.0,0.0,0.30663872564936534
134,0.0,0.0,0.30663872564936534
135,0.0,0.0,0.30663872564936534
136,0.0,0.0,0.30663872564936534
137,0.0,0.0,0.30663872564936534
138,0.0,0.0,0.30663872564936534
139,0.0,0.0,0.30663872564936534
140,0.0,0.0,0.30663872564936534
141,0.5,0.25914901474431468,0.74085098525568538
142,1.0,0.57735026918962573,1.0
143,1.0,0.57735026918962573,1.0
144,0.0,0.0,0.42264973081037421
145,0.0,0.0,0.42264973081037421
146,1.0,0.57735026918962573,1.0
147,0.0,0.0,0.42264973081037421
