position,mute_freq,lo_err,hi_err
239,0.0,0.0,0.42264973081037421
240,0.0,0.0,0.42264973081037421
241,0.0,0.0,0.42264973081037421
242,0.0,0.0,0.42264973081037421
243,0.0,0.0,0.42264973081037421
244,0.0,0.0,0.42264973081037421
245,0.0,0.0,0.42264973081037421
246,0.0,0.0,0.42264973081037421
247,0.0,0.0,0.42264973081037421
248,0.0,0.0,0.42264973081037421
249,0.0,0.0,0.42264973081037421
250,0.0,0.0,0.42264973081037421
251,0.0,0.0,0.42264973081037421
252,0.0,0.0,0.42264973081037421
253,0.0,0.0,0.42264973081037421
254,0.0,0.0,0.42264973081037421
255,0.0,0.0,0.42264973081037421
256,1.0,0.57735026918962573,1.0
257,0.0,0.0,0.42264973081037421
258,0.0,0.0,0.42264973081037421
259,0.0,0.0,0.42264973081037421
260,0.0,0.0,0.30663872564936534
261,0.0,0.0,0.30663872564936534
262,0.5,0.25914901474431468,0.74085098525568538
263,0.0,0.0,0.30663872564936534
264,0.0,0.0,0.30663872564936534
265,0.5,0.25914901474431468,0.74085098525568538
266,0.0,0.0,0.30663872564936534
267,0.5,0.25914901474431468,0.74085098525568538
268,1.0,0.69336127435063466,1.0
269,0.0,0.0,0.30663872564936534
270,0.0,0.0,0.30663872564936534
271,0.5,0.25914901474431468,0.74085098525568538
272,0.5,0.25914901474431468,0.74085098525568538
273,0.5,0.25914901474431468,0.74085098525568538
274,0.5,0.25914901474431468,0.74085098525568538
275,0.5,0.25914901474431468,0.74085098525568538
276,0.5,0.25914901474431468,0.74085098525568538
277,0.5,0.25914901474431468,0.74085098525568538
278,0.5,0.25914901474431468,0.74085098525568538
279,0.0,0.0,0.30663872564936534
280,0.5,0.25914901474431468,0.74085098525568538
281,0.5,0.25914901474431468,0.74085098525568538
282,0.0,0.0,0.30663872564936534
283,0.5,0.25914901474431468,0.74085098525568538
284,0.5,0.25914901474431468,0.74085098525568538
285,0.5,0.25914901474431468,0.74085098525568538
286,0.0,0.0,0.30663872564936534
287,0.5,0.25914901474431468,0.74085098525568538
288,0.5,0.25914901474431468,0.74085098525568538
289,0.5,0.25914901474431468,0.74085098525568538
290,0.5,0.25914901474431468,0.74085098525568538
