position,mute_freq,lo_err,hi_err
229,1.0,0.57735026918962573,1.0
230,1.0,0.57735026918962573,1.0
231,0.0,0.0,0.42264973081037421
232,1.0,0.57735026918962573,1.0
233,1.0,0.57735026918962573,1.0
234,1.0,0.57735026918962573,1.0
235,0.0,0.0,0.42264973081037421
236,1.0,0.57735026918962573,1.0
237,0.0,0.0,0.42264973081037421
238,1.0,0.57735026918962573,1.0
239,0.0,0.0,0.42264973081037421
240,1.0,0.57735026918962573,1.0
241,0.0,0.0,0.42264973081037421
242,0.0,0.0,0.42264973081037421
243,1.0,0.57735026918962573,1.0
244,0.0,0.0,0.42264973081037421
245,1.0,0.57735026918962573,1.0
246,0.0,0.0,0.42264973081037421
247,0.0,0.0,0.42264973081037421
248,1.0,0.57735026918962573,1.0
249,0.0,0.0,0.42264973081037421
250,1.0,0.57735026918962573,1.0
251,1.0,0.57735026918962573,1.0
252,0.0,0.0,0.42264973081037421
253,1.0,0.57735026918962573,1.0
254,1.0,0.57735026918962573,1.0
255,0.0,0.0,0.42264973081037421
256,1.0,0.57735026918962573,1.0
257,0.0,0.0,0.42264973081037421
258,0.0,0.0,0.42264973081037421
259,0.0,0.0,0.42264973081037421
260,0.0,0.0,0.42264973081037421
261,0.0,0.0,0.42264973081037421
262,0.0,0.0,0.42264973081037421
263,1.0,0.57735026918962573,1.0
264,1.0,0.57735026918962573,1.0
265,0.0,0.0,0.42264973081037421
266,0.0,0.0,0.42264973081037421
267,0.0,0.0,0.42264973081037421
268,0.0,0.0,0.42264973081037421
269,0.0,0.0,0.42264973081037421
270,0.0,0.0,0.42264973081037421
271,1.0,0.57735026918962573,1.0
272,0.0,0.0,0.42264973081037421
273,1.0,0.57735026918962573,1.0
274,0.0,0.0,0.42264973081037421
275,0.0,0.0,0.42264973081037421
276,1.0,0.57735026918962573,1.0
277,0.0,0.0,0.42264973081037421
278,0.0,0.0,0.42264973081037421
279,0.0,0.0,0.42264973081037421
280,0.0,0.0,0.42264973081037421
281,0.0,0.0,0.42264973081037421
282,0.0,0.0,0.42264973081037421
283,0.0,0.0,0.42264973081037421
284,0.0,0.0,0.42264973081037421
285,0.0,0.0,0.42264973081037421
286,0.0,0.0,0.42264973081037421
287,0.0,0.0,0.42264973081037421
288,0.0,0.0,0.42264973081037421
289,1.0,0.57735026918962573,1.0
290,0.0,0.0,0.42264973081037421
291,1.0,0.57735026918962573,1.0
292,0.0,0.0,0.42264973081037421
293,0.0,0.0,0.42264973081037421
