bin_low_edge,contents,binlabel,error
-1.5,0.0,,0.0
-0.5,7.0,,2.6457513110645907
0.5,29.0,,5.385164807134504
1.5,0.0,,0.0
2.5,1.0,,1.0
3.5,0.0,,0.0
4.5,0.0,,0.0
5.5,0.0,,0.0
6.5,122.0,,11.045361017187261
7.5,0.0,,0.0
