bin_low_edge,contents,binlabel,error
-1.5,0.0,,0.0
-0.5,0.9973333333333333,right,0.0012719670643994707
0.5,0.0026666666666666666,wrong,0.0012719670643995102
1.5,0.0,,0.0
