bin_low_edge,contents,binlabel,error
-1.5,0.0,,0.0
-0.5,0.9996666666666667,right,0.0007443015749467596
0.5,0.0003333333333333333,wrong,0.000744301574946723
1.5,0.0,,0.0
