bin_low_edge,contents,binlabel,error
-1.5,0.0,,0.0
-0.5,0.9916666666666667,right,0.0019464342498968223
0.5,0.008333333333333333,wrong,0.0019464342498967929
1.5,0.0,,0.0
