bin_low_edge,contents,binlabel,error
-1.5,0.0,,0.0
-0.5,0.22066666666666668,,0.008576453553512404
0.5,0.04,,0.0036514837167011074
1.5,0.03233333333333333,,0.0032829526005987014
2.5,0.027666666666666666,,0.0030368111930480996
3.5,0.043,,0.003785938897200182
4.5,0.0033333333333333335,,0.0010540925533894599
5.5,0.0003333333333333333,,0.0003333333333333333
6.5,0.0006666666666666666,,0.0004714045207910317
7.5,0.0023333333333333335,,0.0008819171036881969
8.5,0.0006666666666666666,,0.0004714045207910317
9.5,0.029333333333333333,,0.0031269438398822866
10.5,0.0003333333333333333,,0.0003333333333333333
11.5,0.005333333333333333,,0.0013333333333333333
12.5,0.005666666666666667,,0.0013743685418725535
13.5,0.006666666666666667,,0.00149071198499986
14.5,0.578,,0.013880441875771341
15.5,0.0033333333333333335,,0.0010540925533894599
16.5,0.0003333333333333333,,0.0003333333333333333
17.5,0.0,,0.0
