bin_low_edge,contents,binlabel,error
-0.5,0.0,,0.0
0.5,0.24458719961931955,A,0.007628465163874089
1.5,0.11325243873423745,C,0.005190917018622752
2.5,0.5976683321437068,G,0.011924781428638275
3.5,0.04449202950273614,T,0.0032535794268801674
4.5,0.0,,0.0
