bin_low_edge,contents,binlabel,error
-0.5,0.0,,0.0
0.5,2445.0,A,49.44694126030446
1.5,2170.0,C,46.58325879540846
2.5,2210.0,G,47.01063709417264
3.5,1828.0,T,42.7551166528639
4.5,0.0,,0.0
