bin_low_edge,contents,binlabel,error
-1.5,0.0,,0.0
-0.5,2863.0,,53.50700888668698
0.5,137.0,,11.704699910719626
1.5,0.0,,0.0
