position,mute_freq,lo_err,hi_err,A,A_obs,A_lo_err,A_hi_err,C,C_obs,C_lo_err,C_hi_err,G,G_obs,G_lo_err,G_hi_err,T,T_obs,T_lo_err,T_hi_err
0,0.0,0.0,0.306639,0.0,0,0.0,0.306639,0.0,0,0.0,0.306639,1.0,2,0.69336127435063477,1.0,0.0,0,0.0,0.306639
1,0.25,0.151017,0.517262,0.0,0,0.0,0.197258,0.0,0,0.0,0.197258,0.75,3,0.482738,0.848983,0.25,1,0.151017,0.517262
2,0.8,0.552493,0.874935,0.2,1,0.125065,0.447507,0.2,1,0.125065,0.447507,0.4,2,0.248245,0.609245,0.2,1,0.125065,0.447507
3,0.5,0.328975,0.671025,0.5,3,0.328975,0.671025,0.3333333333333333,2,0.21056,0.539729,0.16666666666666666,1,0.106747,0.393955,0.0,0,0.0,0.145249
4,0.2222222222222222,0.144872,0.400387,0.0,0,0.0,0.104042,0.0,0,0.0,0.104042,0.2222222222222222,2,0.144872,0.400387,0.7777777777777778,7,0.599613,0.855128
5,0.4,0.279087,0.554116,0.6,6,0.445884,0.720913,0.3,3,0.202477,0.463944,0.1,1,0.067347,0.265702,0.0,0,0.0,0.095048
6,0.36363636363636365,0.254308,0.51471,0.6363636363636364,7,0.48529,0.745692,0.18181818181818182,2,0.119981,0.341139,0.18181818181818182,2,0.119981,0.341139,0.0,0,0.0,0.087485
7,0.09090909090909091,0.061661,0.245632,0.09090909090909091,1,0.061661,0.245632,0.9090909090909091,10,0.754368,0.938339,0.0,0,0.0,0.087485,0.0,0,0.0,0.087485
8,0.0,0.0,0.081036,0.0,0,0.0,0.081036,0.0,0,0.0,0.081036,0.0,0,0.0,0.081036,1.0,12,0.91896371771086582,1.0
9,0.125,0.083962,0.248704,0.0625,1,0.043363,0.178201,0.0625,1,0.043363,0.178201,0.875,14,0.751296,0.916038,0.0,0,0.0,0.06258
10,0.058823529411764705,0.040934,0.168916,0.0,0,0.0,0.059209,0.058823529411764705,1,0.040934,0.168916,0.9411764705882353,16,0.831084,0.959066,0.0,0,0.0,0.059209
11,0.17647058823529413,0.121369,0.29906,0.8235294117647058,14,0.70094,0.878631,0.058823529411764705,1,0.040934,0.168916,0.11764705882352941,2,0.079208,0.235894,0.0,0,0.0,0.059209
12,0.11764705882352941,0.079208,0.235894,0.8823529411764706,15,0.764106,0.920792,0.058823529411764705,1,0.040934,0.168916,0.0,0,0.0,0.059209,0.058823529411764705,1,0.040934,0.168916
13,0.0625,0.043363,0.178201,0.0,0,0.0,0.06258,0.9375,15,0.821799,0.956637,0.0625,1,0.043363,0.178201,0.0,0,0.0,0.06258
14,0.0,0.0,0.06258,0.0,0,0.0,0.06258,0.0,0,0.0,0.06258,1.0,16,0.93741963050417376,1.0,0.0,0,0.0,0.06258
15,0.07692307692307693,0.052756,0.213361,0.9230769230769231,12,0.786639,0.947244,0.07692307692307693,1,0.052756,0.213361,0.0,0,0.0,0.075472,0.0,0,0.0,0.075472
16,0.0,0.0,0.095048,0.0,0,0.0,0.095048,1.0,10,0.90495157552193051,1.0,0.0,0,0.0,0.095048,0.0,0,0.0,0.095048
