position,mute_freq,lo_err,hi_err,A,A_obs,A_lo_err,A_hi_err,C,C_obs,C_lo_err,C_hi_err,G,G_obs,G_lo_err,G_hi_err,T,T_obs,T_lo_err,T_hi_err
0,0.0,0.0,0.024659,0.0,0,0.0,0.024659,1.0,43,0.97534067270925051,1.0,0.0,0,0.0,0.024659,0.0,0,0.0,0.024659
1,0.045454545454545456,0.031339,0.098533,0.0,0,0.0,0.024118,0.045454545454545456,2,0.031339,0.098533,0.0,0,0.0,0.024118,0.9545454545454546,42,0.901467,0.968661
2,0.3125,0.245945,0.400789,0.6875,22,0.599211,0.754055,0.1875,6,0.139228,0.272009,0.125,4,0.089155,0.20435,0.0,0,0.0,0.032743
3,0.21428571428571427,0.159024,0.307125,0.7857142857142857,22,0.692875,0.840976,0.17857142857142858,5,0.12995,0.269476,0.03571428571428571,1,0.025329,0.107342,0.0,0,0.0,0.037175
4,0.0625,0.042846,0.132967,0.0,0,0.0,0.032743,0.9375,30,0.867033,0.957154,0.0625,2,0.042846,0.132967,0.0,0,0.0,0.032743
5,0.14285714285714285,0.104153,0.219607,0.08571428571428572,3,0.059859,0.155733,0.05714285714285714,2,0.039243,0.122285,0.0,0,0.0,0.030056,0.8571428571428571,30,0.780393,0.895847
6,0.07692307692307693,0.055129,0.129556,0.019230769230769232,1,0.013829,0.059768,0.038461538461538464,2,0.026581,0.084023,0.9230769230769231,48,0.870444,0.944871,0.019230769230769232,1,0.013829,0.059768
7,0.02127659574468085,0.015274,0.065849,0.0,0,0.0,0.022628,0.02127659574468085,1,0.015274,0.065849,0.9787234042553191,46,0.934151,0.984726,0.0,0,0.0,0.022628
8,0.08163265306122448,0.058476,0.137085,0.04081632653061224,2,0.028186,0.088934,0.0,0,0.0,0.021733,0.9183673469387755,45,0.862915,0.941524,0.04081632653061224,2,0.028186,0.088934
9,0.0,0.0,0.023104,0.0,0,0.0,0.023104,0.0,0,0.0,0.023104,1.0,46,0.97689634325240304,1.0,0.0,0,0.0,0.023104
10,0.0,0.0,0.056182,1.0,18,0.94381821578596137,1.0,0.0,0,0.0,0.056182,0.0,0,0.0,0.056182,0.0,0,0.0,0.056182
