position,mute_freq,lo_err,hi_err,A,A_obs,A_lo_err,A_hi_err,C,C_obs,C_lo_err,C_hi_err,G,G_obs,G_lo_err,G_hi_err,T,T_obs,T_lo_err,T_hi_err
206,0.0,0.0,0.42265,0.0,0,0.0,0.42265,1.0,1,0.57735026918962584,1.0,0.0,0,0.0,0.42265,0.0,0,0.0,0.42265
207,0.0,0.0,0.42265,1.0,1,0.57735026918962584,1.0,0.0,0,0.0,0.42265,0.0,0,0.0,0.42265,0.0,0,0.0,0.42265
208,0.0,0.0,0.42265,0.0,0,0.0,0.42265,0.0,0,0.0,0.42265,0.0,0,0.0,0.42265,1.0,1,0.57735026918962584,1.0
209,0.0,0.0,0.42265,0.0,0,0.0,0.42265,1.0,1,0.57735026918962584,1.0,0.0,0,0.0,0.42265,0.0,0,0.0,0.42265
210,0.0,0.0,0.42265,0.0,0,0.0,0.42265,0.0,0,0.0,0.42265,0.0,0,0.0,0.42265,1.0,1,0.57735026918962584,1.0
211,0.0,0.0,0.42265,0.0,0,0.0,0.42265,1.0,1,0.57735026918962584,1.0,0.0,0,0.0,0.42265,0.0,0,0.0,0.42265
212,0.0,0.0,0.42265,0.0,0,0.0,0.42265,1.0,1,0.57735026918962584,1.0,0.0,0,0.0,0.42265,0.0,0,0.0,0.42265
213,0.0,0.0,0.42265,1.0,1,0.57735026918962584,1.0,0.0,0,0.0,0.42265,0.0,0,0.0,0.42265,0.0,0,0.0,0.42265
214,0.0,0.0,0.42265,0.0,0,0.0,0.42265,0.0,0,0.0,0.42265,1.0,1,0.57735026918962584,1.0,0.0,0,0.0,0.42265
215,0.0,0.0,0.42265,1.0,1,0.57735026918962584,1.0,0.0,0,0.0,0.42265,0.0,0,0.0,0.42265,0.0,0,0.0,0.42265
216,0.0,0.0,0.42265,0.0,0,0.0,0.42265,0.0,0,0.0,0.42265,1.0,1,0.57735026918962584,1.0,0.0,0,0.0,0.42265
217,0.0,0.0,0.42265,1.0,1,0.57735026918962584,1.0,0.0,0,0.0,0.42265,0.0,0,0.0,0.42265,0.0,0,0.0,0.42265
218,0.0,0.0,0.42265,0.0,0,0.0,0.42265,1.0,1,0.57735026918962584,1.0,0.0,0,0.0,0.42265,0.0,0,0.0,0.42265
219,0.0,0.0,0.42265,1.0,1,0.57735026918962584,1.0,0.0,0,0.0,0.42265,0.0,0,0.0,0.42265,0.0,0,0.0,0.42265
220,0.0,0.0,0.42265,1.0,1,0.57735026918962584,1.0,0.0,0,0.0,0.42265,0.0,0,0.0,0.42265,0.0,0,0.0,0.42265
221,0.0,0.0,0.42265,0.0,0,0.0,0.42265,0.0,0,0.0,0.42265,0.0,0,0.0,0.42265,1.0,1,0.57735026918962584,1.0
222,0.0,0.0,0.42265,0.0,0,0.0,0.42265,0.0,0,0.0,0.42265,0.0,0,0.0,0.42265,1.0,1,0.57735026918962584,1.0
223,0.0,0.0,0.42265,0.0,0,0.0,0.42265,1.0,1,0.57735026918962584,1.0,0.0,0,0.0,0.42265,0.0,0,0.0,0.42265
