bin_low_edge,contents,binlabel,error
-1.5,0.0,,0.0
-0.5,0.9936666666666667,right,0.0017465369969225097
0.5,0.006333333333333333,wrong,0.0017465369969224785
1.5,0.0,,0.0
