bin_low_edge,contents,binlabel,error
-1.5,0.0,,0.0
-0.5,0.9993333333333333,right,0.0008530188006715678
0.5,0.0006666666666666666,wrong,0.0008530188006716054
1.5,0.0,,0.0
