bin_low_edge,contents,binlabel,error
-1.5,0.0,,0.0
-0.5,0.9913333333333333,right,0.001977304665190305
0.5,0.008666666666666666,wrong,0.00197730466519035
1.5,0.0,,0.0
