bin_low_edge,contents,binlabel,error
-1.5,0.0,,0.0
-0.5,7.0,,2.6457513110645907
0.5,0.0,,0.0
1.5,71.0,,8.426149773176359
2.5,0.0,,0.0
