bin_low_edge,contents,binlabel,error
-1.5,0.0,,0.0
-0.5,0.0,,0.117456351186
0.5,0.0,,0.117456351186
1.5,0.0,,0.085752644391
2.5,0.08333333333333333,,0.085752644391
3.5,0.08333333333333333,,0.085752644391
4.5,0.0,,0.085752644391
5.5,0.0,,0.085752644391
6.5,0.041666666666666664,,0.0471730465125
7.5,0.0,,0.0471730465125
8.5,0.0,,0.045464170287
9.5,0.0,,0.045464170287
10.5,0.0,,0.045464170287
11.5,0.2222222222222222,,0.09262565743750001
12.5,0.0,,0.0639911215165
13.5,0.17647058823529413,,0.08884584188450001
14.5,0.0,,0.0639911215165
15.5,0.0,,0.0639911215165
16.5,0.0,,0.08030265362
17.5,0.0,,0.08030265362
18.5,0.0,,0.0919851157105
19.5,0.0,,0.0
