bin_low_edge,contents,binlabel,error
-1.5,0.0,,0.0
-0.5,0.0,,0.161220762577
0.5,0.0,,0.161220762577
1.5,0.6,,0.18050022532650004
2.5,0.0,,0.161220762577
3.5,0.0,,0.161220762577
4.5,0.0,,0.161220762577
5.5,0.0,,0.161220762577
6.5,0.0,,0.161220762577
7.5,0.0,,0.161220762577
8.5,0.0,,0.161220762577
9.5,0.0,,0.161220762577
10.5,0.0,,0.161220762577
11.5,0.0,,0.183122646272
12.5,0.0,,0.0
