bin_low_edge,contents,binlabel,error
8.5,0.0,,0.0
9.5,0.0,,0.2523113193555
10.5,0.0,,0.2408509852555
11.5,0.0,,0.210199050962
12.5,0.0,,0.210199050962
13.5,0.3333333333333333,,0.210199050962
14.5,0.0,,0.210199050962
15.5,0.0,,0.210199050962
16.5,0.0,,0.210199050962
17.5,0.0,,0.210199050962
18.5,0.0,,0.210199050962
19.5,0.0,,0.210199050962
20.5,0.0,,0.210199050962
21.5,0.0,,0.210199050962
22.5,0.0,,0.0
