bin_low_edge,contents,binlabel,error
-1.5,0.0,,0.0
-0.5,0.0,,0.2523113193555
0.5,1.0,,0.21132486540518708
1.5,0.0,,0.2523113193555
2.5,1.0,,0.21132486540518708
3.5,0.0,,0.2523113193555
4.5,0.0,,0.2523113193555
5.5,0.0,,0.2523113193555
6.5,0.0,,0.2523113193555
7.5,0.0,,0.2523113193555
8.5,0.0,,0.2523113193555
9.5,0.0,,0.2523113193555
10.5,0.0,,0.2523113193555
11.5,0.0,,0.2523113193555
12.5,0.0,,0.0
