bin_low_edge,contents,binlabel,error
-1.5,0.0,,0.0
-0.5,0.0,,0.210199050962
0.5,0.0,,0.210199050962
1.5,0.0,,0.210199050962
2.5,0.0,,0.1292772706625
3.5,0.14285714285714285,,0.1292772706625
4.5,0.2857142857142857,,0.150519599033
5.5,0.0,,0.1292772706625
6.5,0.0,,0.1292772706625
7.5,0.0,,0.1292772706625
8.5,0.0,,0.1292772706625
9.5,0.0,,0.1292772706625
10.5,0.0,,0.1292772706625
11.5,0.0,,0.1292772706625
12.5,0.0,,0.1075640645525
13.5,0.0,,0.1075640645525
14.5,0.0,,0.161220762577
15.5,0.0,,0.161220762577
16.5,0.0,,0.0
