bin_low_edge,contents,binlabel,error
-1.5,0.0,,0.0
-0.5,0.0,,0.2523113193555
0.5,0.0,,0.0352437573615
1.5,0.0,,0.0342800441755
2.5,0.0,,0.0342800441755
3.5,0.17647058823529413,,0.0631082257945
4.5,0.0,,0.0342800441755
5.5,0.0,,0.0342800441755
6.5,0.6571428571428571,,0.07581548034000002
7.5,0.009523809523809525,,0.011647521048
8.5,0.0,,0.011647521048
9.5,0.0,,0.0115401807675
10.5,0.0,,0.0115401807675
11.5,0.009615384615384616,,0.0117568766445
12.5,0.0,,0.0119818651235
13.5,0.010638297872340425,,0.012975052701
14.5,0.2222222222222222,,0.042208109307
15.5,0.011494252873563218,,0.013989692839499999
16.5,0.0,,0.01464405197
17.5,0.0,,0.0165831446715
18.5,0.0,,0.0165831446715
19.5,0.0,,0.0165831446715
20.5,0.0,,0.0165831446715
21.5,0.0,,0.0165831446715
22.5,0.0,,0.0165831446715
23.5,0.013888888888888888,,0.016805669066
24.5,0.0,,0.0168056690665
25.5,0.0,,0.0170342449115
26.5,0.0,,0.2523113193555
27.5,0.0,,0.0
