bin_low_edge,contents,binlabel,error
-1.5,0.0,,0.0
-0.5,0.0,,0.0170342449115
0.5,0.0,,0.0165831446715
1.5,0.0,,0.0165831446715
2.5,0.0,,0.0163664346175
3.5,0.0,,0.0163664346175
4.5,0.0,,0.0163664346175
5.5,0.0,,0.0163664346175
6.5,0.0,,0.0163664346175
7.5,0.0,,0.0163664346175
8.5,0.013513513513513514,,0.0163664346175
9.5,0.013513513513513514,,0.0163664346175
10.5,0.0,,0.0163664346175
11.5,0.013513513513513514,,0.0163664346175
12.5,0.013513513513513514,,0.0163664346175
13.5,0.0,,0.0163664346175
14.5,0.02702702702702703,,0.020524704728
15.5,0.0,,0.0163664346175
16.5,0.0,,0.0163664346175
17.5,0.0,,0.0163664346175
18.5,0.0,,0.0163664346175
19.5,0.0,,0.0163664346175
20.5,0.0,,0.0163664346175
21.5,0.04054054054054054,,0.023890053424500002
22.5,0.0,,0.0163664346175
23.5,0.013513513513513514,,0.0163664346175
24.5,0.0,,0.0163664346175
25.5,0.0,,0.0165831446715
26.5,0.0,,0.0170342449115
27.5,0.0,,0.0
