bin_low_edge,contents,binlabel,error
-1.5,0.0,,0.0
-0.5,0.0,,0.210199050962
0.5,0.0,,0.210199050962
1.5,0.0,,0.210199050962
2.5,0.0,,0.210199050962
3.5,0.0,,0.210199050962
4.5,0.0,,0.161220762577
5.5,0.0,,0.161220762577
6.5,0.0,,0.161220762577
7.5,0.3333333333333333,,0.164584566406
8.5,0.0,,0.1292772706625
9.5,0.14285714285714285,,0.1292772706625
10.5,0.0,,0.1292772706625
11.5,0.14285714285714285,,0.1292772706625
12.5,0.0,,0.1292772706625
13.5,0.0,,0.1292772706625
14.5,0.0,,0.1292772706625
15.5,0.0,,0.161220762577
16.5,0.0,,0.161220762577
17.5,0.0,,0.161220762577
18.5,0.0,,0.161220762577
19.5,0.0,,0.161220762577
20.5,0.0,,0.183122646272
21.5,0.0,,0.183122646272
22.5,0.0,,0.183122646272
23.5,0.25,,0.18312264627200003
24.5,0.0,,0.210199050962
25.5,0.0,,0.210199050962
26.5,0.0,,0.210199050962
27.5,0.0,,0.210199050962
28.5,0.0,,0.210199050962
29.5,0.0,,0.0
