bin_low_edge,contents,binlabel,error
-1.5,0.0,,0.0
-0.5,0.0,,0.183122646272
0.5,0.0,,0.143604373362
1.5,0.0,,0.117456351186
2.5,0.1111111111111111,,0.10756406455249998
3.5,0.0,,0.009668913745
4.5,0.0,,0.009450003786
5.5,0.0,,0.009240786084
6.5,0.0,,0.009240786084
7.5,0.0,,0.008786865629
8.5,0.0,,0.0081571992755
9.5,0.0,,0.0081571992755
10.5,0.039735099337748346,,0.016000793298999998
11.5,0.0,,0.0081571992755
12.5,0.013245033112582781,,0.010265532489000001
13.5,0.006622516556291391,,0.0081571992755
14.5,0.0,,0.0081571992755
15.5,0.0,,0.0081571992755
16.5,0.0,,0.0081571992755
17.5,0.0,,0.0081571992755
18.5,0.026490066225165563,,0.0134803076935
19.5,0.039735099337748346,,0.016000793298999998
20.5,0.0,,0.0081571992755
21.5,0.0,,0.0081571992755
22.5,0.03333333333333333,,0.014898791359000001
23.5,0.0,,0.0082106883795
24.5,0.0,,0.0082106883795
25.5,0.00684931506849315,,0.0084318481295
26.5,0.0,,0.0471730465125
27.5,0.0,,0.0471730465125
28.5,0.0,,0.08030265362
29.5,0.0,,0.161220762577
30.5,0.0,,0.0
